orders_id,customers_id,customers_name,customers_street_address,customers_city,customers_postcode,customers_state,customers_country,customers_address_format_id,delivery_name,delivery_street_address,delivery_city,delivery_postcode,delivery_state,delivery_country,delivery_address_format_id,billing_street_address,billing_city,billing_postcode,billing_state,billing_country,billing_address_format_id,payment_method,last_modified,date_purchased,orders_status,shipping cost
15,2,Omar ,s my drive,Naperville,60585,Illinois,United States,2,Omar ,s my drive,Naperville,60585,Illinois,United States,2,1234 s my drive,Naperville,60585,Illinois,United States,2,PayPal (including Credit Cards and Debit Cards),NULL,11/17/2009 6:46,4,16.5
16,2,Omar ,s my drive,Naperville,60585,Illinois,United States,2,Omar ,s my drive,Naperville,60585,Illinois,United States,2,1234 s my drive,Naperville,60585,Illinois,United States,2,Cash on Delivery,NULL,11/17/2009 11:14,1,16.5
31,5,Anouk ,178,zuerich,8049,Z?rich,Switzerland,1,Anouk ,178,zuerich,8049,Z?rich,Switzerland,1,Limmattalstrasse 178,zuerich,8049,Z?rich,Switzerland,1,PayPal (including Credit Cards and Debit Cards),11/18/2009 0:49,11/18/2009 0:48,2,42.5
27,2,Omar ,s my drive,Naperville,60585,Illinois,United States,2,Omar ,s my drive,Naperville,60585,Illinois,United States,2,1234 s my drive,Naperville,60585,Illinois,United States,2,PayPal (including Credit Cards and Debit Cards),NULL,11/17/2009 20:02,4,16.5
542,449,charles ,birdie lane ne,conover,28613,North Carolina,United States,2,charles ,birdie lane ne,conover,28613,North Carolina,United States,2,2627 birdie lane ne,conover,28613,North Carolina,United States,2,PayPal (including Credit Cards and Debit Cards),5/2/2014 14:44,3/18/2014 22:07,3,16.5
561,456,Annette ,Greenleaf,Chicago,60626,Illinois,United States,2,Annette ,Greenleaf,Chicago,60626,Illinois,United States,2,1940-B Greenleaf,Chicago,60626,Illinois,United States,2,PayPal (including Credit Cards and Debit Cards),10/7/2014 8:37,4/22/2014 16:13,8,16.5
564,462,anne ,Fairway Drive,Scarborough,4074,Maine,United States,2,anne ,Fairway Drive,Scarborough,4074,Maine,United States,2,5 Fairway Drive,Scarborough,4074,Maine,United States,2,PayPal (including Credit Cards and Debit Cards),5/9/2014 14:24,4/22/2014 18:07,8,16.5
10,2,Omar ,s my drive,Naperville,60585,Illinois,United States,2,Omar ,s my drive,Naperville,60585,Illinois,United States,2,1234 s my drive,Naperville,60585,Illinois,United States,2,Cash on Delivery,NULL,11/9/2009 13:56,1,16.5
11,5,Anouk ,178,zuerich,8049,Z?rich,Switzerland,1,Anouk ,178,zuerich,8049,Z?rich,Switzerland,1,Limmattalstrasse 178,zuerich,8049,Z?rich,Switzerland,1,Cash on Delivery,NULL,11/11/2009 5:42,1,42.5
12,6,joan ,W. Oak,Chicago,60610,Illinois,United States,2,joan ,W. Oak,Chicago,60610,Illinois,United States,2,312 W. Oak,Chicago,60610,Illinois,United States,2,Cash on Delivery,NULL,11/14/2009 14:23,1,16.5
13,6,joan ,W. Oak,Chicago,60610,Illinois,United States,2,joan ,W. Oak,Chicago,60610,Illinois,United States,2,312 W. Oak,Chicago,60610,Illinois,United States,2,Cash on Delivery,NULL,11/14/2009 14:42,1,16.5
33,3,Maher ,woodlyn dr.,woodridge,60517,Illinois,United States,2,Maher ,woodlyn dr.,woodridge,60517,Illinois,United States,2,7917 woodlyn dr.,woodridge,60517,Illinois,United States,2,PayPal (including Credit Cards and Debit Cards),NULL,11/18/2009 8:25,4,16.5
34,2,Omar ,s my drive,Naperville,60585,Illinois,United States,2,Omar ,s my drive,Naperville,60585,Illinois,United States,2,1234 s my drive,Naperville,60585,Illinois,United States,2,PayPal (including Credit Cards and Debit Cards),NULL,11/18/2009 8:34,4,16.5
97,51,Paul ,IMC,Kuala Lumpur,50250,Kuala Lumpur,Malaysia,1,Paul ,IMC,basel,4001,Basel-Stadt,Switzerland,1,nadelberg 47,basel,4001,Basel-Stadt,Switzerland,1,PayPal (including Credit Cards and Debit Cards),11/26/2010 1:03,11/26/2010 1:02,2,42.5
69,23,Lucas ,S Hilton St #104,Boise,83705,Idaho,United States,2,Lucas ,S Hilton St #104,Boise,83705,Idaho,United States,2,1006 S Hilton St #104,Boise,83705,Idaho,United States,2,Credit Card (Processed by Authorize.net),12/1/2010 21:32,5/16/2010 15:17,5,16.5
95,54,Susan ,"N FRESNO ST, 301",FRESNO,93720,California,United States,2,Susan ,"N FRESNO ST, 301",FRESNO,93720,California,United States,2,"7033 N FRESNO ST, 301",FRESNO,93720,California,United States,2,Credit Card (Processed by Authorize.net),12/13/2010 20:03,11/24/2010 15:32,3,16.5
58,12,Kristen ,Harrison Avenue,Whiting,8759,New Jersey,United States,2,Kristen ,Harrison Avenue,Whiting,8759,New Jersey,United States,2,2050 Harrison Avenue,Whiting,8759,New Jersey,United States,2,Credit Card (Processed by Authorize.net),NULL,2/13/2010 22:16,1,16.5
59,14,Kavindasiri ,Cook Road #1604,"Houston,",77072,Texas,United States,2,Kavindasiri ,Cook Road #1604,"Houston,",77072,Texas,United States,2,4545 Cook Road #1604,"Houston,",77072,Texas,United States,2,PayPal (including Credit Cards and Debit Cards),2/17/2010 10:04,2/17/2010 9:59,2,16.5
67,20,Penny ,Evan Court,Cranberry Township,16066,Pennsylvania,United States,2,Penny ,Evan Court,Cranberry Township,16066,Pennsylvania,United States,2,112 Evan Court,Cranberry Township,16066,Pennsylvania,United States,2,Credit Card (Processed by Authorize.net),5/22/2010 8:54,3/28/2010 11:37,3,16.5
70,26,Robert ,Big Sky Drive,Madison,53719,Wisconsin,United States,2,Robert ,Big Sky Drive,Madison,53719,Wisconsin,United States,2,7818 Big Sky Drive,Madison,53719,Wisconsin,United States,2,Credit Card (Processed by Authorize.net),12/1/2010 21:31,5/26/2010 16:38,3,16.5
64,18,Lisa ,South 44th Street ,philadelphia,19104,Pennsylvania,United States,2,Lisa ,South 44th Street ,philadelphia,19104,Pennsylvania,United States,2,223 South 44th Street apartment #2,philadelphia,19104,Pennsylvania,United States,2,PayPal (including Credit Cards and Debit Cards),12/1/2010 21:32,3/17/2010 17:56,3,16.5
71,27,Jim ,Cheswick Rd N,Hixson,37343,Tennessee,United States,2,Jim ,Cheswick Rd N,Hixson,37343,Tennessee,United States,2,6502 Cheswick Rd N,Hixson,37343,Tennessee,United States,2,Credit Card (Processed by Authorize.net),12/1/2010 21:30,5/26/2010 18:22,3,16.5
72,20,Penny ,Evan Court,Cranberry Township,16066,Pennsylvania,United States,2,Penny ,Evan Court,Cranberry Township,16066,Pennsylvania,United States,2,112 Evan Court,Cranberry Township,16066,Pennsylvania,United States,2,Credit Card (Processed by Authorize.net),12/1/2010 21:28,6/7/2010 17:52,3,16.5
556,457,William ,Berkeley St,Santa Monica,90404,California,United States,2,William ,Berkeley St,Santa Monica,90404,California,United States,2,520 East 86th Street,New York,10028,New York,United States,2,PayPal (including Credit Cards and Debit Cards),4/28/2014 13:02,4/14/2014 11:32,5,16.5
74,30,michele ,copperstone ct.,columbia,65203,Missouri,United States,2,michele ,copperstone ct.,columbia,65203,Missouri,United States,2,4614 copperstone ct.,columbia,65203,Missouri,United States,2,PayPal (including Credit Cards and Debit Cards),12/1/2010 21:27,6/17/2010 11:03,3,16.5
77,31,Marie-Chantal ,5,THALWIL,8800,Aargau,Switzerland,1,Marie-Chantal ,5,THALWIL,8800,Z?rich,Switzerland,1,LUDRETIKONERSTRASSE 5,THALWIL,8800,Aargau,Switzerland,1,PayPal (including Credit Cards and Debit Cards),12/1/2010 21:26,6/29/2010 9:22,3,42.5
78,34,Steven ,Buckley Dr.,Cambria,93428,California,United States,2,Steven ,Buckley Dr.,Cambria,93428,California,United States,2,6370 Buckley Dr.,Cambria,93428,California,United States,2,PayPal (including Credit Cards and Debit Cards),12/1/2010 21:25,7/20/2010 22:36,3,16.5
79,35,Getabecha ,Gaylord St.,Denver,80206,Colorado,United States,2,Getabecha ,Gaylord St.,Denver,80206,Colorado,United States,2,1735 Gaylord St.,Denver,80206,Colorado,United States,2,PayPal (including Credit Cards and Debit Cards),12/1/2010 21:29,7/27/2010 15:15,3,16.5
80,37,kelly ,Woodstock St,Guildford,2161,NSW,Australia,1,kelly ,Woodstock St,Seven Hills,2147,NSW,Australia,1,24 Anvil Rd,Seven Hills,2147,NSW,Australia,1,PayPal (including Credit Cards and Debit Cards),12/1/2010 21:24,8/3/2010 3:41,3,42.5
81,38,Brenda ,Enterprise Circle South #E,Temecula,92590-4822,California,United States,2,Brenda ,Enterprise Circle South #E,Temecula,92590-4822,California,United States,2,2052 E 3rd Street,Long Beach,90814,California,United States,2,Credit Card (Processed by Authorize.net),12/1/2010 21:25,8/3/2010 14:06,3,16.5
82,39,Hannah ,Watkins Road,Perth,6009,WA,Australia,1,Hannah ,Watkins Road,Perth,6009,WA,Australia,1,24 Watkins Road,Perth,6009,WA,Australia,1,PayPal (including Credit Cards and Debit Cards),12/1/2010 21:24,8/4/2010 21:24,3,42.5
99,57,Heidi ,Creek Crossing Dr.,McKinney,75070,Texas,United States,2,Heidi ,Creek Crossing Dr.,McKinney,75070,Texas,United States,2,2719 Creek Crossing Dr.,McKinney,75070,Texas,United States,2,Credit Card (Processed by Authorize.net),12/13/2010 20:02,12/1/2010 7:56,3,16.5
98,56,patricia ,south villa drive,gibsonia,15044,Pennsylvania,United States,2,patricia ,south villa drive,gibsonia,15044,Pennsylvania,United States,2,2172 south villa drive,gibsonia,15044,Pennsylvania,United States,2,Credit Card (Processed by Authorize.net),12/13/2010 20:01,11/27/2010 19:07,3,16.5
86,43,Paul ,Antonio Ct.,Lafayette,94549,California,United States,2,Paul ,Antonio Ct.,Lafayette,94549,California,United States,2,590 Antonio Ct.,Lafayette,94549,California,United States,2,Credit Card (Processed by Authorize.net),12/1/2010 21:23,9/15/2010 16:47,3,16.5
87,46,Herbert ,Sugar Leo Road,Saint George,84790,Utah,United States,2,Herbert ,Sugar Leo Road,Saint George,84790,Utah,United States,2,3218 Sugar Leo Road,Saint George,84790,Utah,United States,2,Credit Card (Processed by Authorize.net),12/13/2010 20:04,10/6/2010 7:02,3,16.5
88,48,scott ,oak rd apt 403,walnut creek,94597,California,United States,2,scott ,oak rd apt 403,el ecrrito,94530,California,United States,2,3160 oak rd apt 403,walnut creek,94597,California,United States,2,Credit Card (Processed by Authorize.net),12/1/2010 21:22,10/14/2010 15:40,3,16.5
515,430,Phil ,Beckwith Ln.,Garrison,10524,New York,United States,2,Phil ,Beckwith Ln.,Garrison,10524,New York,United States,2,6 Beckwith Ln.,Garrison,10524,New York,United States,2,PayPal (including Credit Cards and Debit Cards),3/18/2014 5:29,1/24/2014 19:18,8,16.5
526,436,Gord ,Sandalwood Cres,Sherwood Park,T8H0S4,Alberta,Canada,1,Gord ,Sandalwood Cres,Sherwood Park,T8H0S4,Alberta,Canada,1,112 Sandalwood Cres,Sherwood Park,T8H0S4,Alberta,Canada,1,PayPal (including Credit Cards and Debit Cards),5/2/2014 14:37,2/12/2014 8:50,3,42.5
100,59,Kevin ,west Douglas ave,Gilbert,85233,Arizona,United States,2,Kevin ,west Douglas ave,Gilbert,85233,Arizona,United States,2,728 west Douglas ave,Gilbert,85233,Arizona,United States,2,Credit Card (Processed by Authorize.net),12/13/2010 20:01,12/8/2010 19:40,3,16.5
101,60,Mary ,Quail Hill Rd,Pittsburgh,15238,Pennsylvania,United States,2,Mary ,Quail Hill Rd,Pittsburgh,15238,Pennsylvania,United States,2,50 Quail Hill Rd,Pittsburgh,15238,Pennsylvania,United States,2,Credit Card (Processed by Authorize.net),2/18/2011 9:43,12/13/2010 12:11,3,16.5
102,61,ralph ,frenchmans Road,stanford,94305,California,United States,2,ralph ,frenchmans Road,stanford,94305,California,United States,2,773 frenchmans Road,stanford,94305,California,United States,2,Credit Card (Processed by Authorize.net),12/16/2010 14:56,12/13/2010 23:13,3,16.5
103,62,Michael ,SW Golf Creek Drive,Portland,97225,Oregon,United States,2,Michael ,SW Golf Creek Drive,Portland,97225,Oregon,United States,2,1890 SW Golf Creek Drive,Portland,97225,Oregon,United States,2,Credit Card (Processed by Authorize.net),12/14/2010 13:14,12/13/2010 23:56,3,16.5
104,63,Sandra ,Circle Shore Dr,Washington,61571,Illinois,United States,2,Sandra ,Circle Shore Dr,Washington,61571,Illinois,United States,2,394 Circle Shore Dr,Washington,61571,Illinois,United States,2,Credit Card (Processed by Authorize.net),12/16/2010 14:55,12/15/2010 12:27,3,16.5
105,64,Daniel ,S Wiggins,Springfield,62704,Illinois,United States,2,Daniel ,S Wiggins,Springfield,62711,Illinois,United States,2,1414 S Wiggins,Springfield,62704,Illinois,United States,2,Credit Card (Processed by Authorize.net),3/9/2011 12:29,12/16/2010 10:27,3,16.5
106,66,todd ,virginia circle,interlochen,49643,Michigan,United States,2,todd ,virginia circle,interlochen,49643,Michigan,United States,2,18071 virginia circle,interlochen,49643,Michigan,United States,2,Credit Card (Processed by Authorize.net),12/21/2010 12:15,12/20/2010 17:15,3,16.5
107,69,Tsuneo ,Maruya-cho,Nagoya,466-0045,Aichi,Japan,1,Tsuneo ,Maruya-cho,Nagoya,466-0045,Aichi,Japan,1,2-10 Maruya-cho,Nagoya,466-0045,Aichi,Japan,1,PayPal (including Credit Cards and Debit Cards),1/3/2011 0:03,1/3/2011 0:00,2,42.5
109,70,Sandra ,Willow Branch Avenue,Jacksonville,32205,Florida,United States,2,Sandra ,Willow Branch Avenue,Jacksonville,32202,Florida,United States,2,1046 Willow Branch Avenue,Jacksonville,32205,Florida,United States,2,PayPal (including Credit Cards and Debit Cards),3/28/2011 11:45,1/16/2011 17:49,5,16.5
110,72,Donna ,Lost Trail,Keller,76248,Texas,United States,2,Donna ,Lost Trail,Keller,76248,Texas,United States,2,1537 Lost Trail,Keller,76248,Texas,United States,2,Credit Card (Processed by Authorize.net),2/1/2011 9:19,1/28/2011 12:01,3,16.5
111,73,Daniel ,"Nicolae Balcescu, nr.5, Sc. G, ap. 9",Bacau,600052,Bacau,Romania,1,Daniel ,"Nicolae Balcescu, nr.5, Sc. G, ap. 9",Bacau,600052,Bacau,Romania,1,"str. Nicolae Balcescu, nr.5, Sc. G, ap. 9",Bacau,600052,Bacau,Romania,1,PayPal (including Credit Cards and Debit Cards),2/8/2011 12:33,2/2/2011 6:13,3,42.5
468,401,Anthony ,coppergrove ct ne,Grand Rapids,49525,Michigan,United States,2,Anthony ,coppergrove ct ne,Grand Rapids,49525,Michigan,United States,2,2845 coppergrove ct ne,Grand Rapids,49525,Michigan,United States,2,PayPal (including Credit Cards and Debit Cards),1/7/2014 12:53,12/13/2013 13:20,3,16.5
469,408,Leslie ,Chestnut Street,Boston,2108,Massachusetts,United States,2,Leslie ,Chestnut Street,Boston,2108,Massachusetts,United States,2,9 Chestnut Street,Boston,2108,Massachusetts,United States,2,PayPal (including Credit Cards and Debit Cards),1/2/2014 11:04,12/15/2013 10:11,3,16.5
113,75,Richard ,Canyon Drive,Rapid City,57702,South Dakota,United States,2,Richard ,Canyon Drive,Rapid City,57702,South Dakota,United States,2,3704 Canyon Drive,Rapid City,57702,South Dakota,United States,2,Credit Card (Processed by Authorize.net),2/7/2011 9:06,2/5/2011 17:54,3,16.5
114,76,matthew ,south meriden road,cheshire,6410,Connecticut,United States,2,matthew ,south meriden road,cheshire,6410,Connecticut,United States,2,908 south meriden road,cheshire,6410,Connecticut,United States,2,Credit Card (Processed by Authorize.net),3/1/2011 13:38,2/19/2011 20:08,3,16.5
115,78,sumit ,trenton lane,bartlett,60103,Illinois,United States,2,sumit ,trenton lane,chicago,60610,Illinois,United States,2,1515 trenton lane,bartlett,60103,Illinois,United States,2,Credit Card (Processed by Authorize.net),2/22/2011 10:40,2/22/2011 8:46,3,16.5
529,440,Robert ,Seven Cove Lane #303,Kimberling City,65686,Missouri,United States,2,Robert ,Seven Cove Lane #303,Kimberling City,65686,Missouri,United States,2,228 Seven Cove Lane #303,Kimberling City,65686,Missouri,United States,2,PayPal (including Credit Cards and Debit Cards),4/14/2014 16:58,2/28/2014 16:21,8,16.5
117,87,Michael ,shandrew dr,Naperville,60540,Illinois,United States,2,Michael ,shandrew dr,Naperville,60540,Illinois,United States,2,820 shandrew dr,Naperville,60540,Illinois,United States,2,Credit Card (Processed by Authorize.net),4/19/2011 12:13,4/18/2011 17:03,3,16.5
548,375,Jan ,N. Douty Street,Hanford,93230,California,United States,2,Jan ,N. Douty Street,Hanford,93230,California,United States,2,219 N. Douty Street,Hanford,93230,California,United States,2,PayPal (including Credit Cards and Debit Cards),3/25/2014 5:31,3/24/2014 7:10,3,16.5
532,442,John ,S University Blvd No 11,Denver,80209,Colorado,United States,2,John ,S University Blvd No 11,Denver,80209,Colorado,United States,2,106 S University Blvd No 11,Denver,80209,Colorado,United States,2,PayPal (including Credit Cards and Debit Cards),3/10/2014 14:41,3/4/2014 14:40,3,16.5
533,444,Alice ,sandmist,League city,77573,Texas,United States,2,Alice ,sandmist,League city,77573,Texas,United States,2,2105 sandmist,League city,77573,Texas,United States,2,PayPal (including Credit Cards and Debit Cards),3/18/2014 5:29,3/6/2014 20:01,8,16.5
122,90,Kathleen ,South Lafayette Street,Denver,80210,Colorado,United States,2,Kathleen ,South Lafayette Street,Denver,80210,Colorado,United States,2,1790 South Lafayette Street,Denver,80210,Colorado,United States,2,Credit Card (Processed by Authorize.net),4/26/2011 10:07,4/22/2011 12:45,3,16.5
123,91,Chris ,Poplar Grove Ct.,Springboro,45066,Alabama,United States,2,Chris ,Poplar Grove Ct.,Springboro,45066,Ohio,United States,2,199 Poplar Grove Ct.,Springboro,45066,Alabama,United States,2,Credit Card (Processed by Authorize.net),4/27/2011 16:12,4/27/2011 11:56,3,16.5
124,92,Mary ,Cherry Hills Dr,Aiken,29803,South Carolina,United States,2,Mary ,Cherry Hills Dr,Aiken,29803,South Carolina,United States,2,212 Cherry Hills Dr,Aiken,29803,South Carolina,United States,2,Credit Card (Processed by Authorize.net),5/2/2011 16:21,5/2/2011 15:59,3,16.5
125,94,Terry ,Timmons Lane,Houston,77027,Texas,United States,2,Terry ,Timmons Lane,Houston,77027,Texas,United States,2,3555 Timmons Lane,Houston,77027,Texas,United States,2,Credit Card (Processed by Authorize.net),5/7/2011 11:19,5/7/2011 10:31,3,16.5
126,95,CHRISTINA ,LIONS TRAIL,NOBLESVILLE,46062,Indiana,United States,2,CHRISTINA ,LIONS TRAIL,NOBLESVILLE,46062,Indiana,United States,2,719 LIONS TRAIL,NOBLESVILLE,46062,Indiana,United States,2,Credit Card (Processed by Authorize.net),5/12/2011 12:22,5/12/2011 8:34,3,16.5
127,99,Byron ,N. Central Expressway,Dallas,75243,Texas,United States,2,Byron ,N. Central Expressway,Dallas,75243,Texas,United States,2,3015 Fontana Blvd.,Rowlett,75032,Texas,United States,2,Credit Card (Processed by Authorize.net),6/13/2011 15:34,6/6/2011 12:52,3,16.5
128,99,Byron ,N. Central Expressway,Dallas,75243,Texas,United States,2,Byron ,N. Central Expressway,Addison,75001,Texas,United States,2,3015 Fontana Blvd.,Rowlett,75032,Texas,United States,2,Credit Card (Processed by Authorize.net),6/20/2011 17:27,6/6/2011 15:17,3,16.5
129,100,Joanna ,Centennial Trace,Roswell,30076,Georgia,United States,2,Joanna ,Centennial Trace,Roswell,30076,Georgia,United States,2,265 Centennial Trace,Roswell,30076,Georgia,United States,2,Credit Card (Processed by Authorize.net),6/11/2011 11:13,6/7/2011 18:17,3,16.5
130,101,Amy ,Ynez Road Suite 205,Temecula,92591,California,United States,2,Amy ,Ynez Road Suite 205,Temecula,92591,California,United States,2,27555 Ynez Road Suite 205,Temecula,92591,California,United States,2,Credit Card (Processed by Authorize.net),6/11/2011 11:05,6/9/2011 10:19,3,16.5
131,103,Athanasios ,"N. Wood St., Unit E",Chicago,60622,Illinois,United States,2,Athanasios ,"N. Wood St., Unit E",Inverness,60067,Illinois,United States,2,"530 N. Wood St., Unit E",Chicago,60622,Illinois,United States,2,Credit Card (Processed by Authorize.net),7/12/2011 15:17,6/18/2011 12:50,3,16.5
133,108,cornelius ,halyard drive,moruya heads,2537,nsw,Australia,1,cornelius ,halyard drive,moruya heads,2537,nsw,Australia,1,7 halyard drive,moruya heads,2537,nsw,Australia,1,PayPal (including Credit Cards and Debit Cards),8/3/2011 11:15,7/21/2011 22:42,3,42.5
134,109,Ryohei ,Sangen-jaya,Setagaya,154-0024,Tokyo,Japan,1,Ryohei ,Sangen-jaya,Setagaya,154-0024,Tokyo,Japan,1,2-48-3-213 Sangen-jaya,Setagaya,154-0024,Tokyo,Japan,1,PayPal (including Credit Cards and Debit Cards),8/3/2011 11:15,7/27/2011 9:44,3,42.5
135,110,Tom ,"N. Wood St., Unit E",Chicago,60622,Illinois,United States,2,Tom ,"N. Wood St., Unit E",Highland Park,60035,Illinois,United States,2,"530 N. Wood St., Unit E",Chicago,60622,Illinois,United States,2,Credit Card (Processed by Authorize.net),8/3/2011 11:15,7/31/2011 11:34,3,16.5
136,111,Glenn ,island creek ct,Alexandria,22315,Virginia,United States,2,Glenn ,island creek ct,Alexandria,22315,Virginia,United States,2,7709 island creek ct,Alexandria,22315,Virginia,United States,2,Credit Card (Processed by Authorize.net),NULL,8/6/2011 11:13,1,16.5
138,112,Darcie ,NE Hancock st,Portland,97212,Oregon,United States,2,Darcie ,NE Hancock st,Portland,97212,Oregon,United States,2,207 NE Hancock st,Portland,97212,Oregon,United States,2,PayPal (including Credit Cards and Debit Cards),8/7/2011 15:03,8/7/2011 14:56,2,16.5
139,118,Robert ,Nueces Street,Austin,78701,Texas,United States,2,Robert ,Nueces Street,Austin,78701,Texas,United States,2,1103 Nueces Street,Austin,78701,Texas,United States,2,Credit Card (Processed by Authorize.net),NULL,8/26/2011 14:01,1,16.5
140,119,Susan ,Waynesbrooke Road,Berwyn,19312,Pennsylvania,United States,2,Susan ,Waynesbrooke Road,Berwyn,19312,Pennsylvania,United States,2,402 Waynesbrooke Road,Berwyn,19312,Pennsylvania,United States,2,Credit Card (Processed by Authorize.net),NULL,8/28/2011 10:19,1,16.5
143,122,Dr. ,River Road,Lyme,3768,New Hampshire,United States,2,Dr. ,River Road,Lyme,3768,New Hampshire,United States,2,161 River Road,Lyme,3768,New Hampshire,United States,2,PayPal (including Credit Cards and Debit Cards),9/20/2011 23:44,9/20/2011 23:42,2,16.5
558,459,Elsie ,Arrowhead Circle,Lake Dallas,75065,Texas,United States,2,Elsie ,Arrowhead Circle,Lake Dallas,75065,Texas,United States,2,18 Arrowhead Circle,Lake Dallas,75065,Texas,United States,2,PayPal (including Credit Cards and Debit Cards),5/30/2014 8:43,4/17/2014 6:55,3,16.5
146,123,Timbolin ,Roman Cir.,Bolingbrook,60440,Illinois,United States,2,Timbolin ,Roman Cir.,Bolingbrook,60440,Illinois,United States,2,218 Roman Cir.,Bolingbrook,60440,Illinois,United States,2,PayPal (including Credit Cards and Debit Cards),9/29/2011 7:02,9/29/2011 7:01,2,16.5
147,124,Eva-Marie ,Hollis Street,Emeryville,94608,California,United States,2,Eva-Marie ,Hollis Street,San Francisco,94132,California,United States,2,6464 Hollis Street,Emeryville,94608,California,United States,2,Credit Card (Processed by Authorize.net),10/14/2011 12:35,10/4/2011 22:01,3,16.5
151,134,BRANDON ,HICKORY SPRINGS LN.,PEARLAND,77584,Texas,United States,2,BRANDON ,HICKORY SPRINGS LN.,PEARLAND,77584,Texas,United States,2,13508 HICKORY SPRINGS LN.,PEARLAND,77584,Texas,United States,2,Credit Card (Processed by Authorize.net),NULL,10/28/2011 7:48,1,16.5
152,125,Rose ,Joyner St,Sydney,2145,NSW,Australia,1,Rose ,Joyner St,Sydney,2145,NSW,Australia,1,16 Joyner St,Sydney,2145,NSW,Australia,1,PayPal (including Credit Cards and Debit Cards),10/30/2011 2:24,10/30/2011 2:22,2,42.5
153,124,Eva-Marie ,Hollis Street,Emeryville,94608,California,United States,2,Eva-Marie ,Hollis Street,Emeryville,94608,California,United States,2,6464 Hollis Street,Emeryville,94608,California,United States,2,PayPal (including Credit Cards and Debit Cards),11/2/2011 10:12,10/30/2011 6:50,3,16.5
155,130,Peter ,Li-Shui ST,Taipei,10650,Taiwan,Taiwan,1,Peter ,Li-Shui ST,Taipei,10650,Taiwan,Taiwan,1,"No,6;4F, Li-Shui ST",Taipei,10650,Taiwan,Taiwan,1,PayPal (including Credit Cards and Debit Cards),12/23/2011 12:01,11/6/2011 3:02,2,42.5
156,135,william ,lawrence drive,West Chester,19380,Pennsylvania,United States,2,william ,lawrence drive,West Chester,19380,Pennsylvania,United States,2,200 lawrence drive,West Chester,19380,Pennsylvania,United States,2,Credit Card (Processed by Authorize.net),11/30/2011 17:47,11/11/2011 9:52,3,16.5
157,136,Jeff ,"Louisiana, Suite 1400",Houston,77002,Texas,United States,2,Jeff ,"Louisiana, Suite 1400",Houston,77002,Texas,United States,2,"1201 Louisiana, Suite 1400",Houston,77002,Texas,United States,2,PayPal (including Credit Cards and Debit Cards),12/23/2011 12:00,11/11/2011 10:20,3,16.5
159,136,Jeff ,"Louisiana, Suite 1400",Houston,77002,Texas,United States,2,Jeff ,"Louisiana, Suite 1400",Houston,77002,Texas,United States,2,"1201 Louisiana, Suite 1400",Houston,77002,Texas,United States,2,PayPal (including Credit Cards and Debit Cards),12/8/2011 10:18,11/11/2011 10:36,1,16.5
160,137,Mark ,91st Ave. Apt. KK204,Kent,98031,Washington,United States,2,Mark ,91st Ave. Apt. KK204,Kent,98031,Washington,United States,2,23420 91st Ave. Apt. KK204,Kent,98031,Washington,United States,2,Credit Card (Processed by Authorize.net),NULL,11/12/2011 12:26,1,16.5
161,138,Stephen ,Center Court,East Stroudsburg,18302,Alabama,United States,2,Stephen ,Center Court,East Stroudsburg,18302,Pennsylvania,United States,2,105 Center Court,East Stroudsburg,18302,Pennsylvania,United States,2,Credit Card (Processed by Authorize.net),12/5/2011 12:53,11/14/2011 7:45,3,16.5
162,139,murat ,"south joyce street, Apt 321",arlington,22202,Virginia,United States,2,murat ,"south joyce street, Apt 321",arlington,22202,Virginia,United States,2,"1401 south joyce street, Apt 321",arlington,22202,Virginia,United States,2,Credit Card (Processed by Authorize.net),11/30/2011 17:38,11/14/2011 17:32,3,16.5
163,140,kip ,East Pioneer,Draper,84020,Utah,United States,2,kip ,East Pioneer,Draper,84020,Utah,United States,2,2108 East Pioneer,Draper,84020,Utah,United States,2,Credit Card (Processed by Authorize.net),12/23/2011 12:00,11/17/2011 19:50,3,16.5
164,142,Kazuhiko ,#VALUE!,Nagareyama,270-0176,Chiba,Japan,1,Kazuhiko ,#VALUE!,Nagareyama,270-0176,Chiba,Japan,1,4/16/2019,Nagareyama,270-0176,Chiba,Japan,1,PayPal (including Credit Cards and Debit Cards),11/19/2011 4:39,11/19/2011 4:36,2,42.5
165,146,Andres ,Medical Drive Apt. 3206,San Antonio,78229,Texas,United States,2,Andres ,Medical Drive Apt. 3206,San Antonio,78229,Texas,United States,2,4114 Medical Drive Apt. 3206,San Antonio,78229,Texas,United States,2,PayPal (including Credit Cards and Debit Cards),11/30/2011 17:36,11/27/2011 7:11,3,16.5
166,147,Jocelyn ,E. Sandalbranch Circle,The Woodlands,77382,Texas,United States,2,Jocelyn ,E. Sandalbranch Circle,The Woodlands,77382,Texas,United States,2,46 E. Sandalbranch Circle,The Woodlands,77382,Texas,United States,2,PayPal (including Credit Cards and Debit Cards),12/23/2011 11:59,11/28/2011 14:18,3,16.5
167,148,Michael ,NW,WASHINGTON,20009,District of Columbia,United States,2,Michael ,NW,WASHINGTON,20009,District of Columbia,United States,2,17th NW,WASHINGTON,20009,District of Columbia,United States,2,Credit Card (Processed by Authorize.net),NULL,11/29/2011 6:05,1,16.5
572,469,katie ,176th ave e,bonney lake,98391,Washington,United States,2,katie ,176th ave e,bonney lake,98391,Washington,United States,2,11319 176th ave e,bonney lake,98391,Washington,United States,2,PayPal (including Credit Cards and Debit Cards),5/29/2014 6:57,5/4/2014 20:08,8,16.5
569,466,Britton ,Knobcone dr,Castle Rock,80108,Colorado,United States,2,Britton ,Knobcone dr,Castle Rock,80108,Colorado,United States,2,5085 Knobcone dr,Castle Rock,80108,Colorado,United States,2,PayPal (including Credit Cards and Debit Cards),5/23/2014 8:01,4/26/2014 21:43,3,16.5
169,149,Jen ,N. Main St.,Ann Arbor,48104,Michigan,United States,2,Jen ,N. Main St.,Ann Arbor,48104,Michigan,United States,2,101 N. Main St.,Ann Arbor,48104,Michigan,United States,2,Credit Card (Processed by Authorize.net),12/23/2011 11:59,11/30/2011 14:24,3,16.5
170,151,lance ,S Quincy Street,Hinsdale,60521,Illinois,United States,2,lance ,S Quincy Street,Hinsdale,60521,Illinois,United States,2,410 S Quincy Street,Hinsdale,60521,Illinois,United States,2,Credit Card (Processed by Authorize.net),12/23/2011 11:57,11/30/2011 17:16,3,16.5
171,154,Dick ,Ragged Mountain Dr.,Charlottesville,22903,Virginia,United States,2,Dick ,Ragged Mountain Dr.,Charlottesville,22903,Virginia,United States,2,545 Ragged Mountain Dr.,Charlottesville,22903,Virginia,United States,2,Credit Card (Processed by Authorize.net),12/23/2011 12:02,12/4/2011 6:14,3,16.5
172,155,Pat ,"Idylewyld, PO Box 621",Linden,75563,Texas,United States,2,Pat ,"Idylewyld, PO Box 621",Linden,75563,Texas,United States,2,"129 Idylewyld, PO Box 621",Linden,75563,Texas,United States,2,Credit Card (Processed by Authorize.net),12/23/2011 12:01,12/5/2011 12:34,3,16.5
173,156,Daniel ,Signal Hill Road,Barrington,60010,Illinois,United States,2,Daniel ,Signal Hill Road,Barrington,60010,Illinois,United States,2,433 Signal Hill Road,Barrington,60010,Illinois,United States,2,Credit Card (Processed by Authorize.net),12/8/2011 10:04,12/5/2011 14:56,3,16.5
174,157,Christine ,Magic Stallion Dr.,Carmel,46032,Indiana,United States,2,Christine ,Magic Stallion Dr.,Carmel,46032,Indiana,United States,2,13775 Magic Stallion Dr.,Carmel,46032,Indiana,United States,2,Credit Card (Processed by Authorize.net),12/23/2011 11:27,12/5/2011 17:21,3,16.5
175,158,Rick ,Fieldstone Court,Elgin,60120,Illinois,United States,2,Rick ,Fieldstone Court,Elgin,60120,Illinois,United States,2,1029 Fieldstone Court,Elgin,60120,Illinois,United States,2,Credit Card (Processed by Authorize.net),12/23/2011 11:27,12/7/2011 15:53,3,16.5
176,159,Debbie ,149th Street,Urbandale,50323,Iowa,United States,2,Debbie ,149th Street,West Des Moines,50266,Iowa,United States,2,2906 149th Street,Urbandale,50323,Iowa,United States,2,Credit Card (Processed by Authorize.net),12/23/2011 11:26,12/7/2011 17:35,3,16.5
177,160,Neda ,Dickens St.,Encino,91436,California,United States,2,Neda ,Dickens St.,Encino,91436,California,United States,2,16230 Dickens St.,Encino,91436,California,United States,2,Credit Card (Processed by Authorize.net),12/27/2011 9:50,12/8/2011 0:51,3,16.5
178,161,JACQUELINE ,PINTO DRIVE,SPRINGFIELD,62702,Illinois,United States,2,JACQUELINE ,PINTO DRIVE,SPRINGFIELD,62702,Illinois,United States,2,11 PINTO DRIVE,SPRINGFIELD,62702,Illinois,United States,2,Credit Card (Processed by Authorize.net),12/27/2011 9:50,12/8/2011 13:53,3,16.5
179,162,Tessie ,Karen Dr,Orland Park,60467,Illinois,United States,2,Tessie ,Karen Dr,Orland Park,60467,Illinois,United States,2,11109 Karen Dr,Orland Park,60467,Illinois,United States,2,Credit Card (Processed by Authorize.net),12/27/2011 9:49,12/9/2011 9:00,3,16.5
180,163,Rachel ,Arnold St,Houston,77005,Texas,United States,2,Rachel ,Arnold St,Houston,77005,Texas,United States,2,3816 Arnold St,Houston,77005,Texas,United States,2,Credit Card (Processed by Authorize.net),12/27/2011 9:53,12/10/2011 6:16,3,16.5
568,465,Bhanuteja ,museum way,Cambridge,2141,Massachusetts,United States,2,Bhanuteja ,museum way,Cambridge,2141,Massachusetts,United States,2,8 museum way,Cambridge,2141,Massachusetts,United States,2,PayPal (including Credit Cards and Debit Cards),4/30/2014 10:22,4/25/2014 14:58,3,16.5
184,165,Chao-hsien ,7 Dongfeng Street,Taipei,106,Taiwan,Taiwan,1,Chao-hsien ,7 Dongfeng Street,Portland,97230,Oregon,United States,2,"9F-3, 7 Dongfeng Street",Taipei,106,Taiwan,Taiwan,1,PayPal (including Credit Cards and Debit Cards),12/12/2011 23:10,12/12/2011 23:07,2,NULL
185,167,Alexander ,"Winnetka Ave N, Suite 206",Crystal,55427,Minnesota,United States,2,Alexander ,"Winnetka Ave N, Suite 206",Crystal,55427,Minnesota,United States,2,"2960 Winnetka Ave N, Suite 206",Crystal,55427,Minnesota,United States,2,PayPal (including Credit Cards and Debit Cards),12/13/2011 13:32,12/13/2011 13:31,2,16.5
186,168,harry ,Park East Dr Suite 202,Beachwood,44122,Ohio,United States,2,harry ,Park East Dr Suite 202,Beachwood,44122,Ohio,United States,2,3737 Park East Dr Suite 202,Beachwood,44122,Ohio,United States,2,Credit Card (Processed by Authorize.net),NULL,12/13/2011 13:33,1,16.5
187,169,Richard ,Brookside Drive,Gladstone,7934,New Jersey,United States,2,Richard ,Brookside Drive,Gladstone,7934,New Jersey,United States,2,13 Brookside Drive,Gladstone,7934,New Jersey,United States,2,Credit Card (Processed by Authorize.net),12/23/2011 11:29,12/13/2011 14:54,3,16.5
188,170,Virginia ,Lancaster Ave.,Pittsburgh,15218,Pennsylvania,United States,2,Virginia ,Lancaster Ave.,Pittsburgh,15218,Pennsylvania,United States,2,1200 Lancaster Ave.,Pittsburgh,15218,Pennsylvania,United States,2,Credit Card (Processed by Authorize.net),12/23/2011 11:28,12/14/2011 19:52,3,16.5
189,171,Christina ,Village Glen Drive,Arroyo Grande,93520,California,United States,2,Christina ,Village Glen Drive,Arroyo Grande,93520,California,United States,2,339 Village Glen Drive,Arroyo Grande,93520,California,United States,2,Credit Card (Processed by Authorize.net),12/23/2011 11:43,12/15/2011 22:45,3,16.5
190,172,James ,South Road,Chester,7930,New Jersey,United States,2,James ,South Road,Chester,7930,New Jersey,United States,2,180 South Road,Chester,7930,New Jersey,United States,2,Credit Card (Processed by Authorize.net),12/23/2011 11:23,12/17/2011 8:44,3,16.5
191,174,Donnalynne ,High Street,Randolph,7869,New Jersey,United States,2,Donnalynne ,High Street,Randolph,7869,New Jersey,United States,2,110 High Street,Randolph,7869,New Jersey,United States,2,Credit Card (Processed by Authorize.net),NULL,12/18/2011 8:40,1,16.5
192,175,christina ,Kilts,houston,77024,Texas,United States,2,christina ,Kilts,houston,77024,Texas,United States,2,222 Kilts,houston,77024,Texas,United States,2,Credit Card (Processed by Authorize.net),NULL,12/19/2011 11:23,1,16.5
193,176,Suzette ,County Road 146,Elizabeth,80107,Colorado,United States,2,Suzette ,County Road 146,Elizabeth,80107,Colorado,United States,2,5646 County Road 146,Elizabeth,80107,Colorado,United States,2,Credit Card (Processed by Authorize.net),NULL,12/19/2011 12:08,1,16.5
194,178,Brad ,Garrett Circle,Council Bluffs,51503,Iowa,United States,2,Brad ,Garrett Circle,Council Bluffs,51503,Iowa,United States,2,4620 Westamerica Dr,Fairfield,94534,California,United States,2,Credit Card (Processed by Authorize.net),12/23/2011 11:51,12/20/2011 20:13,3,16.5
195,179,Ami ,W Burton Place #2902,Chicago,60610,Illinois,United States,2,Ami ,W Burton Place #2902,Chicago,60610,Illinois,United States,2,70 W Burton Place #2902,Chicago,60610,Illinois,United States,2,Credit Card (Processed by Authorize.net),12/23/2011 11:28,12/22/2011 13:20,3,16.5
198,180,Andrea ,South Blvd. A,HOUSTON,77098,Texas,United States,2,Andrea ,South Blvd. A,Arlington,22201,Virginia,United States,2,P.O. Box 540751,HOUSTON,77254-0751,Texas,United States,2,Credit Card (Processed by Authorize.net),12/27/2011 9:44,12/24/2011 16:45,2,16.5
199,182,KEVIN ,MOUNT VERNON ST APT 729,DORCHESTER,2125,Massachusetts,United States,2,KEVIN ,MOUNT VERNON ST APT 729,DORCHESTER,2125,Massachusetts,United States,2,375 MOUNT VERNON ST APT 729,DORCHESTER,2125,Massachusetts,United States,2,PayPal (including Credit Cards and Debit Cards),12/31/2011 3:20,12/31/2011 3:16,2,16.5
200,183,ali ,Broder Circle,Folsom,95630,California,United States,2,ali ,Broder Circle,Folsom,95630,California,United States,2,1536 Broder Cir.,Folsom,95630,California,United States,2,Credit Card (Processed by Authorize.net),1/9/2012 17:41,1/1/2012 17:57,3,16.5
204,185,Mary ,Hall Ave.,Point Pleasant,8742,New Jersey,United States,2,Mary ,Hall Ave.,Point Pleasant,8742,New Jersey,United States,2,213 Hall Ave.,Point Pleasant,8742,New Jersey,United States,2,Credit Card (Processed by Authorize.net),NULL,1/10/2012 11:06,1,16.5
208,187,Michael ,S. Madison Ave. #304,Pasadena,91101,California,United States,2,Michael ,S. Madison Ave. #304,Pasadena,91101,California,United States,2,158 S. Madison Ave. #304,Pasadena,91101,California,United States,2,Credit Card (Processed by Authorize.net),3/13/2012 9:53,1/14/2012 16:17,3,16.5
210,188,Brian ,E Chicago Ave,Chicago,60611,Illinois,United States,2,Brian ,E Chicago Ave,Chicago,60611,Illinois,United States,2,750 N Dearborn St Apt3105,Chicago,30654,Illinois,United States,2,PayPal (including Credit Cards and Debit Cards),1/23/2012 12:00,1/16/2012 0:33,5,16.5
212,189,Brian ,N Dearborn St Unit 3105,Chicago,60654,Illinois,United States,2,Brian ,N Dearborn St Unit 3105,Chicago,60654,Illinois,United States,2,750 N Dearborn St Unit 3105,Chicago,60654,Illinois,United States,2,Credit Card (Processed by Authorize.net),1/23/2012 12:01,1/16/2012 0:42,5,16.5
213,195,Nadia ,W Sam houston pkwy N,Houston,77043,Texas,United States,2,Nadia ,W Sam houston pkwy N,Houston,77043,Texas,United States,2,21111 Chadbourne Trace ln,Richmond,77407,Texas,United States,2,Credit Card (Processed by Authorize.net),NULL,2/10/2012 11:29,1,16.5
594,471,Deena ,GA Hwy 112 N,Cairo,39827,Georgia,United States,2,Deena ,GA Hwy 112 N,Cairo,39827,Georgia,United States,2,1790 GA Hwy 112 N,Cairo,39827,Georgia,United States,2,PayPal (including Credit Cards and Debit Cards),5/19/2014 14:38,5/12/2014 10:00,3,16.5
595,476,vicki ,Whitlow Road,Bingara,2404,NSW,Australia,1,vicki ,Whitlow Road,Bingara,2404,NSW,Australia,1,553 Whitlow Road,Bingara,2404,NSW,Australia,1,PayPal (including Credit Cards and Debit Cards),5/13/2014 8:56,5/12/2014 18:13,3,42.5
596,481,Adam ,Oregon Ave,Nashua,3060,New Hampshire,United States,2,Adam ,Oregon Ave,Nashua,3060,New Hampshire,United States,2,1 Oregon Ave,Nashua,3060,New Hampshire,United States,2,PayPal (including Credit Cards and Debit Cards),5/14/2014 14:02,5/14/2014 10:24,3,16.5
216,203,Mark ,Service Road,Lake Charles,70605,Louisiana,United States,2,Mark ,Service Road,Lake Charles,70605,Louisiana,United States,2,Box 3160,Montrose,81402,Colorado,United States,2,Credit Card (Processed by Authorize.net),NULL,3/27/2012 10:30,1,16.5
217,204,Jeffrey ,"Westbrook Mill Lane, 201",Fairfax,22030,Virginia,United States,2,Jeffrey ,"Westbrook Mill Lane, 201",Fairfax,22030,Virginia,United States,2,"11306 Westbrook Mill Lane, 201",Fairfax,22030,Virginia,United States,2,Credit Card (Processed by Authorize.net),NULL,3/28/2012 16:45,1,16.5
219,173,Evgeny ,Glukharskaya 5-1-111,Sankt-Piterburg,197373,Sankt-Piterburg,Russian Federation,1,Evgeny ,Glukharskaya 5-1-111,Sankt-Piterburg,197373,Sankt-Piterburg,Russian Federation,1,str. Glukharskaya 5-1-111,Sankt-Piterburg,197373,Sankt-Piterburg,Russian Federation,1,PayPal (including Credit Cards and Debit Cards),4/20/2012 7:30,4/20/2012 7:28,2,42.5
220,207,Tom ,Massachusetts Ave. NW,Washington,20008-2804,District of Columbia,United States,2,Tom ,Massachusetts Ave. NW,Washington,20008-2804,District of Columbia,United States,2,2442 Massachusetts Ave. NW,Washington,20008-2804,District of Columbia,United States,2,Credit Card (Processed by Authorize.net),6/21/2012 8:23,4/22/2012 14:13,2,16.5
221,208,Eric ,Murray Avenue,Arnold,15068,Pennsylvania,United States,2,Eric ,Murray Avenue,Arnold,15068,Pennsylvania,United States,2,339 Murray Avenue,Arnold,15068,Pennsylvania,United States,2,Credit Card (Processed by Authorize.net),NULL,4/23/2012 14:21,1,16.5
222,148,Michael ,17th NW,WASHINGTON,20009,District of Columbia,United States,2,Michael ,17th NW,WASHINGTON,20009,District of Columbia,United States,2,1907 17th NW,WASHINGTON,20009,District of Columbia,United States,2,Credit Card (Processed by Authorize.net),5/5/2012 11:11,4/26/2012 16:24,2,16.5
224,211,Basil ,N Lake Drive,Whitefish Bay,53211,Wisconsin,United States,2,Basil ,N Lake Drive,Whitefish Bay,53211,Wisconsin,United States,2,4687 N Lake Drive,Whitefish Bay,53211,Wisconsin,United States,2,Credit Card (Processed by Authorize.net),NULL,4/30/2012 18:41,1,16.5
227,212,IRINA ,"Dmitry Donskogo,15-36",Moscow,117216,Moscow,Russian Federation,1,IRINA ,"Dmitry Donskogo,15-36",Moscow,117216,Moscow,Russian Federation,1,"Bulvar Dmitry Donskogo,15-36",Moscow,117216,Moscow,Russian Federation,1,PayPal (including Credit Cards and Debit Cards),5/5/2012 11:03,5/3/2012 7:15,1,42.5
228,214,Michel ,Bernardusstraat 17-D,Amsterdam,1091TS,Noord Holland,Netherlands,1,Michel ,Bernardusstraat 17-D,Amsterdam,1077 BG,Noord Holland,Netherlands,1,Jan Bernardusstraat 17-D,Amsterdam,1091TS,Noord Holland,Netherlands,1,Credit Card (Processed by Authorize.net),NULL,5/14/2012 13:07,1,42.5
229,215,loreto ,ferngate drive,franklin square,11010,New York,United States,2,loreto ,ferngate drive,floral park,11001,New York,United States,2,1094 ferngate drive,franklin square,11010,New York,United States,2,Credit Card (Processed by Authorize.net),NULL,5/16/2012 12:42,1,16.5
230,217,Csaba ,"Montano Plaza Drive, N.W.",Albuquerque,87120,New Mexico,United States,2,Csaba ,"Montano Plaza Drive, N.W.",Albuquerque,87120,New Mexico,United States,2,"6200 Montano Plaza Drive, N.W.",Albuquerque,87120,New Mexico,United States,2,Credit Card (Processed by Authorize.net),NULL,5/21/2012 18:40,1,16.5
231,218,Lynda ,A Herkimer,Houston,77008,Texas,United States,2,Lynda ,A Herkimer,Brooklyn,11231,New York,United States,2,1129 A Herkimer,Houston,77008,Texas,United States,2,Credit Card (Processed by Authorize.net),NULL,5/24/2012 18:04,1,16.5
232,219,Tomoki ,#VALUE!,Yokohama-shi,236-0038,Kanazawa-ken,Japan,1,Tomoki ,#VALUE!,Yokohama-shi,2360038,Kanagawa-ken,Japan,1,"4-19-4-306, Mutsuura-minami",Yokohama-shi,2360038,Kanagawa-ken,Japan,1,PayPal (including Credit Cards and Debit Cards),5/27/2012 0:03,5/26/2012 23:58,2,42.5
233,213,Carl ,28th St nW,Washington,20008,District of Columbia,United States,2,Carl ,28th St nW,Washington,20008,District of Columbia,United States,2,2848 28th St nW,Washington,20008,District of Columbia,United States,2,Credit Card (Processed by Authorize.net),5/31/2012 10:30,5/30/2012 15:58,2,16.5
234,223,Karl ,west oak pkwy,Marietta,30062,Georgia,United States,2,Karl ,west oak pkwy,Marietta,30062,Georgia,United States,2,1851 west oak pkwy,Marietta,30062,Georgia,United States,2,Credit Card (Processed by Authorize.net),NULL,6/7/2012 9:19,1,16.5
236,224,Vinoda ,"1, 4 Western Terrace",Nottingham,NG7 1AF,Nottinghamshire,United Kingdom,1,Vinoda ,"1, 4 Western Terrace",Nottingham,NG7 1AF,Nottinghamshire,United Kingdom,1,"Flat 1, 4 Western Terrace",Nottingham,NG7 1AF,Nottinghamshire,United Kingdom,1,Credit Card (Processed by Authorize.net),NULL,6/10/2012 9:01,1,42.5
237,225,JAMES ,"W FLAMINGO RD., #200",LAS VEGAS,89147,Nevada,United States,2,JAMES ,"W FLAMINGO RD., #200",ENCINITAS,92024,California,United States,2,"8375 W FLAMINGO RD., #200",LAS VEGAS,89147,Nevada,United States,2,Credit Card (Processed by Authorize.net),NULL,6/11/2012 15:45,1,16.5
238,226,JADE ,COTILLION DR APT 2404,ATLANTA,30338,Georgia,United States,2,JADE ,COTILLION DR APT 2404,ATLANTA,30338,Georgia,United States,2,1850 COTILLION DR APT 2404,ATLANTA,30338,Georgia,United States,2,Credit Card (Processed by Authorize.net),NULL,6/16/2012 20:23,1,16.5
239,227,Binita ,"E 39th St, Apt 302",New York,10016,New York,United States,2,Binita ,"E 39th St, Apt 302",New York,10016,New York,United States,2,2375 Woodland Drive,Allentown,18103,Pennsylvania,United States,2,PayPal (including Credit Cards and Debit Cards),6/19/2012 20:33,6/19/2012 20:32,2,16.5
240,228,Marta ,W. 83rd Street,Willowbrook,60527,Illinois,United States,2,Marta ,W. 83rd Street,Willowbrook,60527,Illinois,United States,2,130 W. 83rd Street,Willowbrook,60527,Illinois,United States,2,PayPal (including Credit Cards and Debit Cards),6/24/2012 17:46,6/24/2012 17:40,2,16.5
241,231,Qiushi ,Sunset Cove Dr.,Port Orange,32129,Florida,United States,2,Qiushi ,Sunset Cove Dr.,Port Orange,32129,Florida,United States,2,3818 Sunset Cove Dr.,Port Orange,32129,Florida,United States,2,Credit Card (Processed by Authorize.net),NULL,7/24/2012 23:29,1,16.5
242,236,Robert ,West Cornelia Avenue,Chicago,60657,Illinois,United States,2,Robert ,West Cornelia Avenue,Chicago,60604-3511,Illinois,United States,2,606 West Cornelia Avenue,Chicago,60657,Illinois,United States,2,Credit Card (Processed by Authorize.net),8/22/2012 16:31,7/28/2012 16:12,2,16.5
243,239,Laurie ,Avenel Avenue,Roanoke,24015,Virginia,United States,2,Laurie ,Avenel Avenue,Roanoke,24015,Virginia,United States,2,2105 Avenel Avenue,Roanoke,24015,Virginia,United States,2,Credit Card (Processed by Authorize.net),8/22/2012 16:28,8/5/2012 8:11,2,16.5
244,240,Demola ,148th Road,Rosedale,11422,New York,United States,2,Demola ,148th Road,Rosedale,11422,New York,United States,2,"259-49, 148th Road",Rosedale,11422,New York,United States,2,PayPal (including Credit Cards and Debit Cards),8/22/2012 16:27,8/5/2012 17:19,2,16.5
245,241,Ronald ,Midpark Crescent SE,Calgary,T2X1P2,Alberta,Canada,1,Ronald ,Midpark Crescent SE,Calgary,T2X1P2,Alberta,Canada,1,32 Midpark Crescent SE,Calgary,T2X1P2,Alberta,Canada,1,Credit Card (Processed by Authorize.net),8/22/2012 16:27,8/10/2012 8:59,2,42.5
246,243,Gladys ,Sepulveda blvd,Mission Hills,91345,California,United States,2,Gladys ,Sepulveda blvd,Mission Hills,91345,California,United States,2,11100 Sepulveda blvd,Mission Hills,91345,California,United States,2,Credit Card (Processed by Authorize.net),9/17/2012 11:11,8/19/2012 10:25,3,16.5
247,244,Michael ,32ND AVE. SW,VERO BEACH,32968,Florida,United States,2,Michael ,32ND AVE. SW,Vero Beach,32960,Florida,United States,2,1276 32ND AVE. SW,VERO BEACH,32968,Florida,United States,2,PayPal (including Credit Cards and Debit Cards),8/22/2012 16:27,8/20/2012 15:08,2,16.5
248,130,Peter ,Li-Shui ST,Taipei,10650,Taiwan,Taiwan,1,Peter ,Li-Shui ST,San Jose,95118,California,United States,2,"No,6;4F, Li-Shui ST",Taipei,10650,Taiwan,Taiwan,1,PayPal (including Credit Cards and Debit Cards),8/25/2012 22:23,8/25/2012 22:16,2,NULL
249,249,barbara ,velma circle,pelham,3076,Alabama,United States,2,barbara ,velma circle,pelham,3076,New Hampshire,United States,2,2 velma circle,pelham,3076,New Hampshire,United States,2,Credit Card (Processed by Authorize.net),NULL,9/1/2012 16:41,1,16.5
250,250,Peter ,Parkview Plaza,Oakbrook Terrace,60181,Illinois,United States,2,Peter ,Parkview Plaza,Oakbrook Terrace,60181,Illinois,United States,2,"16 S. Aberdeen St., Unit 1",Chicago,60607,Illinois,United States,2,Credit Card (Processed by Authorize.net),NULL,9/3/2012 13:46,1,16.5
251,252,Vincent ,Brookhaven Close NE,Atlanta,30319,Georgia,United States,2,Vincent ,Brookhaven Close NE,Atlanta,30319,Georgia,United States,2,1670 Brookhaven Close NE,Atlanta,30319,Georgia,United States,2,Credit Card (Processed by Authorize.net),NULL,9/11/2012 5:32,1,16.5
254,253,LI ,ROCKY RHODES DR,COLLEGE STATION,77845,Texas,United States,2,LI ,ROCKY RHODES DR,New York,10018,New York,United States,2,4228 ROCKY RHODES DR,COLLEGE STATION,77845,Texas,United States,2,PayPal (including Credit Cards and Debit Cards),9/11/2012 21:11,9/11/2012 20:59,2,16.5
255,254,Cheryl ,Indian Head Rd,Framingham,1701,Massachusetts,United States,2,Cheryl ,Indian Head Rd,Holliston,1746,Massachusetts,United States,2,82 Indian Head Rd,Framingham,1701,Massachusetts,United States,2,Credit Card (Processed by Authorize.net),9/25/2012 10:16,9/12/2012 11:52,3,16.5
258,246,Timofey ,"per. 8, 44",Moscow,107078,moscow,Russian Federation,1,Timofey ,"per. 8, 44",Moscow,107078,moscow,Russian Federation,1,"Orlikov per. 8, 44",Moscow,107078,moscow,Russian Federation,1,PayPal (including Credit Cards and Debit Cards),9/14/2012 23:46,9/14/2012 23:45,2,42.5
259,255,susan ,Wildflower Drive,charlottesville,22911,Virginia,United States,2,susan ,Wildflower Drive,charlottesville,22911,Virginia,United States,2,P.O. Box 2605,Charlottesville,22902,Virginia,United States,2,Credit Card (Processed by Authorize.net),9/25/2012 10:16,9/17/2012 17:20,3,16.5
261,240,Demola ,148th Road,Rosedale,11422,New York,United States,2,Demola ,148th Road,Bangor,LL57 2RT,Gwynedd,United Kingdom,1,"259-49, 148th Road",Rosedale,11422,New York,United States,2,PayPal (including Credit Cards and Debit Cards),9/24/2012 17:02,9/24/2012 17:00,2,32.5
263,260,Edith ,"North Ashland Ave, 1N",Chicago,60622,Illinois,United States,2,Edith ,"North Ashland Ave, 1N",Chicago,60622,Illinois,United States,2,"830 North Ashland Ave, 1N",Chicago,60622,Illinois,United States,2,PayPal (including Credit Cards and Debit Cards),11/9/2012 11:01,10/15/2012 13:32,2,16.5
264,261,Ronald ,Amanda,Ridgecrest,93555,California,United States,2,Ronald ,Amanda,Ridgecrest,93555,California,United States,2,516 Amanda,Ridgecrest,93555,California,United States,2,Credit Card (Processed by Authorize.net),10/27/2012 13:52,10/17/2012 11:39,3,16.5
265,263,KARI ,South 68th Street,Lincoln,68516,Nebraska,United States,2,KARI ,South 68th Street,Lincoln,68516,Nebraska,United States,2,8600 South 68th Street,Lincoln,68516,Nebraska,United States,2,Credit Card (Processed by Authorize.net),NULL,10/21/2012 14:50,1,16.5
266,264,Virginia ,Carter Road,Princeton,8540,New Jersey,United States,2,Virginia ,Carter Road,Princeton,8540,New Jersey,United States,2,375 Carter Road,Princeton,8540,New Jersey,United States,2,PayPal (including Credit Cards and Debit Cards),10/23/2012 10:53,10/23/2012 10:25,2,16.5
267,266,Cathleen ,N 600 Ave,Kewanee,61443,Illinois,United States,2,Cathleen ,N 600 Ave,Kewanee,61443,Illinois,United States,2,29200 N 600 Ave,Kewanee,61443,Illinois,United States,2,PayPal (including Credit Cards and Debit Cards),11/4/2012 7:03,11/4/2012 7:01,2,16.5
268,269,William ,N Flamingo Rd,Sunrise,33323,Florida,United States,2,William ,N Flamingo Rd,Sunrise,33323,Florida,United States,2,2641 N Flamingo Rd,Sunrise,33323,Florida,United States,2,PayPal (including Credit Cards and Debit Cards),11/9/2012 12:02,11/9/2012 12:01,2,16.5
540,447,Denise ,NW Rock Creek Blvd,Portland,97229,Oregon,United States,2,Denise ,NW Rock Creek Blvd,Portland,97229,Oregon,United States,2,21380 NW Rock Creek Blvd,Portland,97229,Oregon,United States,2,PayPal (including Credit Cards and Debit Cards),3/17/2014 13:39,3/16/2014 8:31,3,16.5
275,275,Jessica ,south willomet ave,Dallas,75208,Texas,United States,2,Jessica ,south willomet ave,Dallas,75208,Texas,United States,2,400 south willomet ave,Dallas,75208,Texas,United States,2,PayPal (including Credit Cards and Debit Cards),12/13/2012 9:17,11/23/2012 15:38,3,16.5
276,276,Donna ,Foxhall Terrace,Fairfax Station,22039,Virginia,United States,2,Donna ,Foxhall Terrace,Peyton,80831,Colorado,United States,2,8744 Foxhall Terrace,Fairfax Station,22039,Virginia,United States,2,PayPal (including Credit Cards and Debit Cards),12/13/2012 9:17,11/24/2012 19:30,3,16.5
277,277,Celia ,Nutley Circle,Porter,77365,Texas,United States,2,Celia ,Nutley Circle,Porter,77365,Texas,United States,2,25168 Nutley Circle,Porter,77365,Texas,United States,2,PayPal (including Credit Cards and Debit Cards),12/13/2012 9:18,11/26/2012 20:31,3,16.5
278,278,Edan ,Casuarina Rd. #8,Delray Beach,33483,Florida,United States,2,Edan ,Casuarina Rd. #8,West Hills,91307,California,United States,2,990 Casuarina Rd. #8,Delray Beach,33483,Florida,United States,2,PayPal (including Credit Cards and Debit Cards),11/27/2012 3:34,11/27/2012 3:26,2,16.5
279,279,Ralph ,W Huron St,Chicago,60622,Illinois,United States,2,Ralph ,W Huron St,Chicago,60622,Illinois,United States,2,1644 W Huron St,Chicago,60622,Illinois,United States,2,PayPal (including Credit Cards and Debit Cards),12/13/2012 9:18,11/27/2012 20:29,3,16.5
280,281,Jennifer ,Mockingbird Gardens Dr.,Louisville,40207,Kentucky,United States,2,Jennifer ,Mockingbird Gardens Dr.,Louisville,40207,Kentucky,United States,2,222 Mockingbird Gardens Dr.,Louisville,40207,Kentucky,United States,2,PayPal (including Credit Cards and Debit Cards),12/13/2012 9:15,12/5/2012 12:37,3,16.5
282,284,James ,S. 5th Ave.,Pocatello,83201,Idaho,United States,2,James ,S. 5th Ave.,Pocatello,83204,Idaho,United States,2,275 S. 5th Ave.,Pocatello,83201,Idaho,United States,2,PayPal (including Credit Cards and Debit Cards),12/13/2012 9:16,12/6/2012 23:06,3,16.5
285,287,Kelii ,Kekupua Place,Honolulu,96825,Hawaii,United States,2,Kelii ,Kekupua Place,Honolulu,96825,Hawaii,United States,2,311 Kekupua Place,Honolulu,96825,Hawaii,United States,2,PayPal (including Credit Cards and Debit Cards),12/11/2012 21:54,12/11/2012 21:53,2,16.5
286,289,Deborah ,Industrial Estate,Redruth,TR15 1SS,Cornwall,United Kingdom,1,Deborah ,Industrial Estate,Redruth,TR15 1SS,Cornwall,United Kingdom,1,Cardrew Industrial Estate,Redruth,TR15 1SS,Cornwall,United Kingdom,1,PayPal (including Credit Cards and Debit Cards),12/16/2012 16:35,12/16/2012 16:33,2,44.5
287,259,Oleg ,O'Connor dr. suite 208,Toronto,m4b2s7,Ontario,Canada,1,Oleg ,O'Connor dr. suite 208,Toronto,m4b2s7,Ontario,Canada,1,955 O'Connor dr. suite 208,Toronto,m4b2s7,Ontario,Canada,1,PayPal (including Credit Cards and Debit Cards),12/20/2012 9:59,12/20/2012 9:55,2,44.5
288,296,Judith ,Burnview Cres,Ottawa,K1B3J3,Ontario,Canada,1,Judith ,Burnview Cres,New York,10004,New York,United States,2,122 Allen St Apt 6,New York,10002,New York,United States,2,PayPal (including Credit Cards and Debit Cards),12/26/2012 17:14,12/26/2012 17:10,2,NULL
588,477,hui ,"International Finance Place No.8 Huaxia Road, Pearl River N",Guang Zhou,510623,Guang Dong,China,1,hui ,"International Finance Place No.8 Huaxia Road, Pearl River N",Portland,97211-1968,Oregon,United States,2,"7911 NE 33rd Dr Ste 310, C/O GHY712",Portland,97211-1968,Oregon,United States,2,PayPal (including Credit Cards and Debit Cards),5/12/2014 8:31,5/10/2014 9:03,3,NULL
292,300,Deral ,Grand View Terr,Houston,77007-8347,Texas,United States,2,Deral ,Grand View Terr,Houston,77007-8347,Texas,United States,2,315 Grand View Terr,Houston,77007-8347,Texas,United States,2,PayPal (including Credit Cards and Debit Cards),1/9/2013 10:40,1/9/2013 10:38,2,16.5
295,301,Michael ,Spruce Circle,Munster,46321-3859,Indiana,United States,2,Michael ,Spruce Circle,Munster,46321-3859,Indiana,United States,2,1916 Spruce Circle,Munster,46321-3859,Indiana,United States,2,PayPal (including Credit Cards and Debit Cards),1/12/2013 11:24,1/12/2013 11:21,2,16.5
301,302,Nantika ,Nakniwas 29,Ladprao,10230,Bangkok,Thailand,1,Nantika ,Nakniwas 29,Ladprao,10230,Bangkok,Thailand,1,11 Nakniwas 29,Ladprao,10230,Bangkok,Thailand,1,PayPal (including Credit Cards and Debit Cards),2/1/2013 0:11,2/1/2013 0:05,2,44.5
599,215,Loreto ,Jericho Turnpike,Floral Park,11001,New York,United States,2,Loreto ,Jericho Turnpike,Floral Park,11001,New York,United States,2,322 Jericho Turnpike,Floral Park,11001,New York,United States,2,PayPal (including Credit Cards and Debit Cards),5/28/2014 5:23,5/24/2014 14:01,3,16.5
598,482,Waleed ,Stepinska 55,Warsaw,00-739,Warsaw,Poland,1,Waleed ,Stepinska 55,Warsaw,00-739,Warsaw,Poland,1,UL. Stepinska 55,Warsaw,00-739,Warsaw,Poland,1,PayPal (including Credit Cards and Debit Cards),6/10/2014 6:33,5/16/2014 6:16,3,44.5
303,304,ROBERT ,DOVEFIELD ROAD,CHARLOTTE,28277,North Carolina,United States,2,ROBERT ,DOVEFIELD ROAD,CHARLOTTE,28277,North Carolina,United States,2,6121 DOVEFIELD ROAD,CHARLOTTE,28277,North Carolina,United States,2,PayPal (including Credit Cards and Debit Cards),2/7/2013 9:31,2/7/2013 9:30,2,16.5
304,305,Claudia ,Marye St.,Fredericksburg,22401,Virginia,United States,2,Claudia ,Marye St.,Fredericksburg,22401,Virginia,United States,2,827 Marye St.,Fredericksburg,22401,Virginia,United States,2,PayPal (including Credit Cards and Debit Cards),2/8/2013 12:20,2/8/2013 12:17,2,16.5
305,306,Marcus ,Basement,London,W12 8LG,London,United Kingdom,1,Marcus ,Basement,London,E14 5HP,London,United Kingdom,1,The Basement,London,W12 8LG,London,United Kingdom,1,PayPal (including Credit Cards and Debit Cards),2/10/2013 15:05,2/10/2013 14:59,2,44.5
605,486,Ross ,Meadow Hill Rd,Barrington,60010,Illinois,United States,2,Ross ,Meadow Hill Rd,Barrington,60010,Illinois,United States,2,80C Meadow Hill Rd,Barrington,60010,Illinois,United States,2,PayPal (including Credit Cards and Debit Cards),6/17/2014 11:10,5/28/2014 14:40,3,16.5
607,488,mark ,s. fieldcrest,wichita,67209,Kansas,United States,2,mark ,s. fieldcrest,wichita,67209,Kansas,United States,2,414 s. fieldcrest,wichita,67209,Kansas,United States,2,PayPal (including Credit Cards and Debit Cards),5/30/2014 8:45,5/29/2014 14:33,3,16.5
636,505,SHUNSUKE ,#VALUE!,"Asahi-Ku,Yokohama-shi",241-0801,Kanagawa-ken,Japan,1,SHUNSUKE ,#VALUE!,"Asahi-Ku,Yokohama-shi",241-0801,Kanagawa-ken,Japan,1,"2-7-603,Wakabadai","Asahi-Ku,Yokohama-shi",241-0801,Kanagawa-ken,Japan,1,PayPal (including Credit Cards and Debit Cards),8/3/2014 7:43,8/1/2014 11:31,3,44.5
610,82,Martin ,"N Saint Louis Ave, #3",Chicago,60625,Illinois,United States,2,Martin ,"N Saint Louis Ave, #3",Chicago,60625,Illinois,United States,2,"4700 N Saint Louis Ave, #3",Chicago,60625,Illinois,United States,2,PayPal (including Credit Cards and Debit Cards),7/23/2014 10:23,6/5/2014 9:17,8,16.5
505,421,Betsy ,Willard Dr,Hewlett,11557,New York,United States,2,Betsy ,Willard Dr,Palm Beach Gardens,33418,Florida,United States,2,262 Willard Dr,Hewlett,11557,New York,United States,2,PayPal (including Credit Cards and Debit Cards),1/6/2014 22:07,1/4/2014 21:02,3,16.5
634,502,Deborah ,Old Littleton Rd,Harvard,1451,Massachusetts,United States,2,Deborah ,Old Littleton Rd,Harvard,1451,Massachusetts,United States,2,93 Old Littleton Rd,Harvard,1451,Massachusetts,United States,2,PayPal (including Credit Cards and Debit Cards),7/28/2014 8:27,7/27/2014 4:42,3,16.5
625,494,Lee ,CLOS DEWI SANT,CARDIFF,CF11 9EW,S.GLAM.,United Kingdom,1,Lee ,CLOS DEWI SANT,CARDIFF,CF11 9EW,S.GLAM.,United Kingdom,1,"23, CLOS DEWI SANT",CARDIFF,CF11 9EW,S.GLAM.,United Kingdom,1,PayPal (including Credit Cards and Debit Cards),6/26/2014 6:22,6/23/2014 12:14,3,44.5
502,420,Jaya ,Baza Ave,Woodland Hills,91364,California,United States,2,Jaya ,Baza Ave,Woodland Hills,91364,California,United States,2,5173 Baza Ave,Woodland Hills,91364,California,United States,2,PayPal (including Credit Cards and Debit Cards),1/6/2014 22:07,1/4/2014 15:24,3,16.5
501,419,Viorel ,Tremont Cr,Toronto,M3b 2r9,Ontario,Canada,1,Viorel ,Tremont Cr,Toronto,M3b 2r9,Ontario,Canada,1,9 Tremont Cr,Toronto,M3b 2r9,Ontario,Canada,1,PayPal (including Credit Cards and Debit Cards),1/6/2014 22:06,1/4/2014 15:06,3,44.5
629,497,Eric ,"Clarence Place, Unit 9",San Francisco,94107,Alabama,United States,2,Eric ,"Clarence Place, Unit 9",San Francisco,94107,California,United States,2,"2 Clarence Place, Unit 9",San Francisco,94107,Alabama,United States,2,PayPal (including Credit Cards and Debit Cards),7/11/2014 7:02,7/7/2014 18:34,3,16.5
630,498,Angelina ,wrenthorpe dr,Houston,77031,Texas,United States,2,Angelina ,wrenthorpe dr,Houston,77031,Texas,United States,2,12538 wrenthorpe dr,Houston,77031,Texas,United States,2,PayPal (including Credit Cards and Debit Cards),8/12/2014 11:09,7/9/2014 21:19,3,16.5
631,499,John ,pine drive,millstone,8510,New Jersey,United States,2,John ,pine drive,millstone,8510,New Jersey,United States,2,7 pine drive,millstone,8510,New Jersey,United States,2,PayPal (including Credit Cards and Debit Cards),7/15/2014 9:41,7/14/2014 15:50,3,16.5
640,506,Deanna ,Highland Avenue,West Haven,6516,Connecticut,United States,2,Deanna ,Highland Avenue,West Haven,6516,Connecticut,United States,2,285 Highland Avenue,West Haven,6516,Connecticut,United States,2,PayPal (including Credit Cards and Debit Cards),8/7/2014 12:37,8/6/2014 12:25,3,16.5
485,413,Ronald ,Warwick Dr,Naperville,60565,Illinois,United States,2,Ronald ,Warwick Dr,Naperville,60565,Illinois,United States,2,307 Warwick Dr,Naperville,60565,Illinois,United States,2,PayPal (including Credit Cards and Debit Cards),12/23/2013 16:36,12/20/2013 10:50,3,16.5
476,410,Emily ,Cliff Way,Larchmont,10538,New York,United States,2,Emily ,Cliff Way,Larchmont,10538,New York,United States,2,5 Cliff Way,Larchmont,10538,New York,United States,2,PayPal (including Credit Cards and Debit Cards),12/16/2013 17:23,12/16/2013 12:01,3,16.5
471,409,Ondrej ,12 Building 46,London,SE18 6TA,London,United Kingdom,1,Ondrej ,12 Building 46,London,SE18 6TA,London,United Kingdom,1,Flat 12 Building 46,London,SE18 6TA,London,United Kingdom,1,PayPal (including Credit Cards and Debit Cards),12/19/2013 8:41,12/16/2013 6:51,3,44.5
433,392,Daniel ,Ryan Road #104,Gurnee,60031,Illinois,United States,2,Daniel ,Ryan Road #104,Gurnee,60031,Illinois,United States,2,4081 Ryan Road #104,Gurnee,60031,Illinois,United States,2,PayPal (including Credit Cards and Debit Cards),11/29/2013 15:59,11/25/2013 10:09,3,16.5
435,394,Tolullah ,Lion street,Cape Town,8001,Western Cape,South Africa,1,Tolullah ,Lion street,Cape Town,8001,Western Cape,South Africa,1,53 Lion street,Cape Town,8001,Western Cape,South Africa,1,PayPal (including Credit Cards and Debit Cards),1/28/2014 11:22,11/26/2013 0:06,3,44.5
437,396,Matthew ,Orchard Circle,Wilmington,19807,Delaware,United States,2,Matthew ,Orchard Circle,Wilmington,19807,Delaware,United States,2,5902 Orchard Circle,Wilmington,19807,Delaware,United States,2,PayPal (including Credit Cards and Debit Cards),2/10/2014 18:27,11/27/2013 12:58,5,16.5
438,397,Rex ,E Northern Parkway,Baltimore,21212,Maryland,United States,2,Rex ,E Northern Parkway,Baltimore,21212,Maryland,United States,2,107 E Northern Parkway,Baltimore,21212,Maryland,United States,2,PayPal (including Credit Cards and Debit Cards),11/30/2013 17:01,11/30/2013 8:44,3,16.5
441,398,Rafael ,4th st nw,Washington,20001,District of Columbia,United States,2,Rafael ,4th st nw,Washington,20001,District of Columbia,United States,2,9070 Grovelawn Cv. E.,Germantown,38139,Tennessee,United States,2,PayPal (including Credit Cards and Debit Cards),12/10/2013 10:33,11/30/2013 12:22,3,16.5
481,412,Abigail ,"East 70th Street, 29A",New York,10021,New York,United States,2,Abigail ,"East 70th Street, 29A",Tucson,85710,Arizona,United States,2,"435 East 70th Street, 29A",New York,10021,New York,United States,2,PayPal (including Credit Cards and Debit Cards),1/2/2014 11:04,12/19/2013 11:30,3,16.5
446,212,IRINA ,"Dmitry Donskogo,15-36",Moscow,117216,Moscow,Russian Federation,1,IRINA ,"Dmitry Donskogo,15-36",Moscow,117216,Moscow,Russian Federation,1,Altufevskoe highway 77-1-231,Moscow,127410,Moscow,Russian Federation,1,PayPal (including Credit Cards and Debit Cards),5/30/2014 8:49,12/4/2013 6:13,3,44.5
511,385,Michael ,Herbert Street,Newtown,2042,NSW,Australia,1,Michael ,Herbert Street,Newtown,2042,NSW,Australia,1,1 Herbert Street,Newtown,2042,NSW,Australia,1,PayPal (including Credit Cards and Debit Cards),1/24/2014 20:57,1/12/2014 22:41,3,44.5
451,402,Anne ,Benefit Rd,Chesapeake,23322,Virginia,United States,2,Anne ,Benefit Rd,Chesapeake,23322,Virginia,United States,2,3005 Benefit Rd,Chesapeake,23322,Virginia,United States,2,PayPal (including Credit Cards and Debit Cards),1/2/2014 11:04,12/8/2013 20:20,3,16.5
455,403,Sonya ,Forest Bridge Drive,Alpharetta,30022,Georgia,United States,2,Sonya ,Forest Bridge Drive,Alpharetta,30022,Georgia,United States,2,10390 Forest Bridge Drive,Alpharetta,30022,Georgia,United States,2,PayPal (including Credit Cards and Debit Cards),12/11/2013 10:43,12/10/2013 7:56,3,16.5
457,404,Gail ,Ledge View Dr,Huntsville,35802,Alabama,United States,2,Gail ,Ledge View Dr,Huntsville,35802,Alabama,United States,2,170 Ledge View Dr,Huntsville,35802,Alabama,United States,2,PayPal (including Credit Cards and Debit Cards),12/11/2013 10:44,12/10/2013 9:43,3,16.5
641,512,Hicham ,W 42nd street - Apt 18B,New York,10036,New York,United States,2,Hicham ,W 42nd street - Apt 18B,New York,10036,New York,United States,2,450 W 42nd street - Apt 18B,New York,10036,New York,United States,2,PayPal (including Credit Cards and Debit Cards),9/3/2014 7:52,8/18/2014 19:29,8,16.5
642,515,Ulana ,George Cr.,Caledon East,L7C 1G3,Ontario,Canada,1,Ulana ,George Cr.,Caledon East,L7C 1G3,Ontario,Canada,1,51 George Cr.,Caledon East,L7C 1G3,Ontario,Canada,1,PayPal (including Credit Cards and Debit Cards),8/29/2014 10:45,8/25/2014 15:47,3,44.5
646,517,Ralph ,broadview terrace,Wethersfield,6109,Connecticut,United States,2,Ralph ,broadview terrace,Hartford,6106,Connecticut,United States,2,9 broadview terrace,Wethersfield,6109,Connecticut,United States,2,PayPal (including Credit Cards and Debit Cards),8/30/2014 16:40,8/29/2014 10:23,3,16.5
661,525,Chieko ,"Pulasan road, #02-05 The Serennia",Singapore,424382,Singapore,Singapore,4,Chieko ,"Pulasan road, #02-05 The Serennia",Singapore,424382,Singapore,Singapore,4,"2-4, Nishiki machi",Miyazaki city,8800018,Miyazaki,Japan,1,PayPal (including Credit Cards and Debit Cards),9/19/2014 7:51,9/15/2014 2:20,3,44.5
676,533,Daniel ,Water,Frome,BA11 3AR,Somerset,United Kingdom,1,Daniel ,Water,Frome,BA11 3AR,Somerset,United Kingdom,1,"1,Low Water",Frome,BA11 3AR,Somerset,United Kingdom,1,PayPal (including Credit Cards and Debit Cards),10/10/2014 7:32,10/7/2014 12:19,3,44.5
667,529,Jackie ,Hunters Ridge,Rocky Hill,6067,Connecticut,United States,2,Jackie ,Hunters Ridge,Rocky Hill,6067,Connecticut,United States,2,71 Hunters Ridge,Rocky Hill,6067,Connecticut,United States,2,PayPal (including Credit Cards and Debit Cards),9/27/2014 12:21,9/24/2014 15:52,3,16.5
671,513,Zoe ,Lethem Street,Hendra,4011,Queensland,Australia,1,Zoe ,Lethem Street,Hendra,4011,Queensland,Australia,1,40 Lethem Street,Hendra,4011,Queensland,Australia,1,PayPal (including Credit Cards and Debit Cards),2/16/2015 6:31,10/3/2014 20:20,3,44.5
678,535,EJ ,North Quincy Street,Arlington,22207,Virginia,United States,2,EJ ,North Quincy Street,Arlington,22207,Virginia,United States,2,2224 North Quincy Street,Arlington,22207,Virginia,United States,2,PayPal (including Credit Cards and Debit Cards),10/21/2014 6:43,10/13/2014 8:38,3,16.5
682,536,Elke ,Mentor Street,Manchester,M13 0QW,Greater Manchester,United Kingdom,1,Elke ,Mentor Street,Manchester,M13 0QW,Greater Manchester,United Kingdom,1,34 Mentor Street,Manchester,M13 0QW,Greater Manchester,United Kingdom,1,PayPal (including Credit Cards and Debit Cards),10/22/2014 9:11,10/19/2014 9:37,3,44.5
683,537,Diane ,Quartz Way,Syracuse,13219,New York,United States,2,Diane ,Quartz Way,Syracuse,13219,New York,United States,2,104 Quartz Way,Syracuse,13219,New York,United States,2,PayPal (including Credit Cards and Debit Cards),10/21/2014 16:16,10/20/2014 19:07,3,16.5
685,538,Gyllian ,Japonica Road,Epping,2121,NSW,Australia,1,Gyllian ,Japonica Road,Epping,2121,NSW,Australia,1,9 Japonica Road,Epping,2121,NSW,Australia,1,PayPal (including Credit Cards and Debit Cards),11/7/2014 6:47,10/30/2014 3:59,8,44.5
687,539,Jolene ,Paris Road,Chalmette,70043,Louisiana,United States,2,Jolene ,Paris Road,Hammond,70401,Louisiana,United States,2,P.O. Box 2045,Albany,70711,Louisiana,United States,2,PayPal (including Credit Cards and Debit Cards),11/16/2014 14:48,10/30/2014 10:02,8,16.5
689,542,Terence ,Fieldston Road apt. 3JJ,Bronx,10471,New York,United States,2,Terence ,Fieldston Road apt. 3JJ,Bronx,10471,New York,United States,2,5500 Fieldston Road apt. 3JJ,Bronx,10471,New York,United States,2,PayPal (including Credit Cards and Debit Cards),11/7/2014 6:42,11/5/2014 15:42,3,16.5
690,543,Richard ,Broadway,Methuen,1844,Massachusetts,United States,2,Richard ,Broadway,Methuen,1844,Massachusetts,United States,2,258 Broadway,Methuen,1844,Massachusetts,United States,2,PayPal (including Credit Cards and Debit Cards),11/9/2014 22:59,11/7/2014 9:38,3,16.5
691,544,Jenica ,Haines Road,Mt. Laurel,8054,New Jersey,United States,2,Jenica ,Haines Road,Chicago,60611,Illinois,United States,2,113 Haines Road,Mt. Laurel,8054,New Jersey,United States,2,PayPal (including Credit Cards and Debit Cards),11/11/2014 12:35,11/10/2014 19:13,3,16.5
703,539,Jolene ,Paris Road,Chalmette,70043,Louisiana,United States,2,Jolene ,Paris Road,Chalmette,70043,Louisiana,United States,2,5000 Paris Road,Chalmette,70043,Louisiana,United States,2,PayPal (including Credit Cards and Debit Cards),11/19/2014 5:45,11/18/2014 11:23,3,16.5
697,548,Vanessa ,Avenue X,Brooklyn,11234,New York,United States,2,Vanessa ,Avenue X,Brooklyn,11234,New York,United States,2,2222 East 71st Street,Brooklyn,11234,New York,United States,2,PayPal (including Credit Cards and Debit Cards),11/15/2014 11:57,11/14/2014 10:31,3,16.5
722,557,Michael ,Ruggles Street,Westborough,1581,Massachusetts,United States,2,Michael ,Ruggles Street,Westborough,1581,Massachusetts,United States,2,75 Ruggles Street,Westborough,1581,Massachusetts,United States,2,PayPal (including Credit Cards and Debit Cards),12/18/2014 13:45,11/30/2014 14:07,3,16.5
704,549,Nathan ,"Quechee Main Street, Penthouse Apt, PO Box 792",Quechee,5059,Vermont,United States,2,Nathan ,"Quechee Main Street, Penthouse Apt, PO Box 792",Quechee,5059,Vermont,United States,2,"2024 Quechee Main Street, Penthouse Apt, PO Box 792",Quechee,5059,Vermont,United States,2,PayPal (including Credit Cards and Debit Cards),11/19/2014 8:33,11/18/2014 16:24,3,16.5
705,514,Pamela ,"Marine Parade, Maroubra",Sydney,2035,New South Wales,Australia,1,Pamela ,"Marine Parade, Maroubra",Sydney,2035,New South Wales,Australia,1,"9/148 Marine Parade, Maroubra",Sydney,2035,New South Wales,Australia,1,PayPal (including Credit Cards and Debit Cards),11/19/2014 12:12,11/19/2014 9:01,3,44.5
709,546,MARIO ,BOUL. INDUSTRIEL,CHAMBLY,J3L 4X3,Quebec,Canada,1,MARIO ,BOUL. INDUSTRIEL,CHAMBLY,J3L 4X3,Quebec,Canada,1,8910 BOUL. INDUSTRIEL,CHAMBLY,J3L 4X3,Quebec,Canada,1,PayPal (including Credit Cards and Debit Cards),11/22/2014 15:18,11/21/2014 9:08,3,44.5
733,561,Wes ,Arbour Crest Drive NW,Calgary,T3G4L2,Alberta,Canada,1,Wes ,Arbour Crest Drive NW,Calgary,T3G4L2,Alberta,Canada,1,131 Arbour Crest Drive NW,Calgary,T3G4L2,Alberta,Canada,1,PayPal (including Credit Cards and Debit Cards),12/23/2014 16:38,12/2/2014 22:05,3,44.5
718,554,Carl ,Henry Ave,West Melbourne,32904,Florida,United States,2,Carl ,Henry Ave,West Melbourne,32904,Florida,United States,2,2064 Henry Ave,West Melbourne,32904,Florida,United States,2,PayPal (including Credit Cards and Debit Cards),12/31/2014 15:52,11/28/2014 18:59,3,16.5
720,556,Robina ,Madison St. #2,Somerville,2143,Massachusetts,United States,2,Robina ,Madison St. #2,Somerville,2143,Massachusetts,United States,2,32 Madison St. #2,Somerville,2143,Massachusetts,United States,2,PayPal (including Credit Cards and Debit Cards),12/1/2014 13:02,11/29/2014 11:03,3,16.5
729,555,Caroline ,Sugar Maple Lane,Hanover,3755,New Hampshire,United States,2,Caroline ,Sugar Maple Lane,Hanover,3755,New Hampshire,United States,2,194 Etna Road,Etna,3750,New Hampshire,United States,2,PayPal (including Credit Cards and Debit Cards),12/3/2014 11:51,12/1/2014 19:22,3,16.5
732,560,Jacob ,Noahs Drive,Pell City,35128,Alabama,United States,2,Jacob ,Noahs Drive,Pell City,35128,Alabama,United States,2,71 Noahs Drive,Pell City,35128,Alabama,United States,2,PayPal (including Credit Cards and Debit Cards),12/23/2014 11:54,12/1/2014 19:38,3,16.5
735,562,Andrew ,Laurel Avenue,Saint Paul,55104,Minnesota,United States,2,Andrew ,Laurel Avenue,Saint Paul,55108,Minnesota,United States,2,1156 Laurel Avenue,Saint Paul,55104,Minnesota,United States,2,PayPal (including Credit Cards and Debit Cards),12/3/2014 11:43,12/3/2014 7:20,3,16.5
736,563,Fred ,S Court Square,McMinnville,37110,Tennessee,United States,2,Fred ,S Court Square,McMinnville,37110,Tennessee,United States,2,114 S Court Square,McMinnville,37110,Tennessee,United States,2,PayPal (including Credit Cards and Debit Cards),12/31/2014 15:50,12/3/2014 9:13,3,16.5
737,564,erin ,colony rd,Longmeadow,1106,Massachusetts,United States,2,erin ,colony rd,Longmeadow,1106,Massachusetts,United States,2,91 colony rd,Longmeadow,1106,Massachusetts,United States,2,PayPal (including Credit Cards and Debit Cards),12/31/2014 15:49,12/4/2014 10:59,3,16.5
738,559,Sven ,Weg 52,Berlin,13125,Berlin,Germany,5,Sven ,Weg 52,Berlin,13125,Berlin,Germany,5,Schönerlinder Weg 52,Berlin,13125,Berlin,Germany,5,PayPal (including Credit Cards and Debit Cards),12/7/2014 11:46,12/4/2014 17:43,3,44.5
743,566,Jacqueline ,Sandpiper Pointe,COUNCE,38326,Tennessee,United States,2,Jacqueline ,Sandpiper Pointe,COUNCE,38326,Tennessee,United States,2,880 Sandpiper Pointe,COUNCE,38326,Tennessee,United States,2,PayPal (including Credit Cards and Debit Cards),12/8/2014 19:54,12/6/2014 13:48,3,16.5
745,568,Kelly ,Homestead dr,Matawan,7747,New Jersey,United States,2,Kelly ,Homestead dr,Matawan,7747,New Jersey,United States,2,88 Homestead dr,Matawan,7747,New Jersey,United States,2,PayPal (including Credit Cards and Debit Cards),12/31/2014 11:11,12/8/2014 16:27,8,16.5
746,569,Lewis ,Power Horn Drive,Potomac,20854,Maryland,United States,2,Lewis ,Power Horn Drive,Potomac,20854,Maryland,United States,2,11205 Power Horn Drive,Potomac,20854,Maryland,United States,2,PayPal (including Credit Cards and Debit Cards),12/10/2014 22:47,12/8/2014 19:23,3,16.5
755,575,Sandra ,Crestview Rd,Lahaina,96761,Hawaii,United States,2,Sandra ,Crestview Rd,Castle Rock,80108,Colorado,United States,2,220 Crestview Rd,Lahaina,96761,Hawaii,United States,2,PayPal (including Credit Cards and Debit Cards),12/15/2014 19:40,12/15/2014 10:24,3,16.5
750,571,Keith ,S. Vetter Rd.,Elwood,60421,Illinois,United States,2,Keith ,S. Vetter Rd.,Elwood,60421,Illinois,United States,2,23525 S. Vetter Rd.,Elwood,60421,Illinois,United States,2,PayPal (including Credit Cards and Debit Cards),12/11/2014 8:25,12/10/2014 21:15,3,16.5
751,572,daniel ,washington ave,portland,4103,Maine,United States,2,daniel ,washington ave,portland,4103,Maine,United States,2,1081 washington ave,portland,4103,Maine,United States,2,PayPal (including Credit Cards and Debit Cards),12/12/2014 17:41,12/12/2014 9:52,3,16.5
753,573,Paula ,Salamanca Ave,Jacksonville,32217,Florida,United States,2,Paula ,Salamanca Ave,Jacksonville,32217,Florida,United States,2,6974 Salamanca Ave,Jacksonville,32217,Florida,United States,2,PayPal (including Credit Cards and Debit Cards),12/15/2014 15:31,12/12/2014 20:10,3,16.5
761,578,rene ,Degrasse Dr,Johnson City,37601,Tennessee,United States,2,rene ,Degrasse Dr,Johnson City,37601,Tennessee,United States,2,225 Degrasse Dr,Johnson City,37601,Tennessee,United States,2,PayPal (including Credit Cards and Debit Cards),12/17/2014 11:29,12/16/2014 17:56,3,16.5
760,577,Rachel ,N Indian Oaks Dr,Fayetteville,72704,Arkansas,United States,2,Rachel ,N Indian Oaks Dr,Stuttgart,72160,Arkansas,United States,2,2680 N Indian Oaks Dr,Fayetteville,72704,Arkansas,United States,2,PayPal (including Credit Cards and Debit Cards),1/30/2015 7:06,12/16/2014 17:28,8,16.5
762,579,Eric ,Hollandale Lane,Clifton Park,12065,New York,United States,2,Eric ,Hollandale Lane,Mountain View,94043,California,United States,2,33J Hollandale Lane,Clifton Park,12065,New York,United States,2,PayPal (including Credit Cards and Debit Cards),2/23/2015 15:37,12/16/2014 21:27,3,16.5
767,583,Joseph ,N. State Street #3209,Chicago,60654,Illinois,United States,2,Joseph ,N. State Street #3209,Chicago,60654,Illinois,United States,2,300 N. State Street #3209,Chicago,60654,Illinois,United States,2,PayPal (including Credit Cards and Debit Cards),12/22/2014 9:49,12/19/2014 13:51,3,16.5
769,584,James ,SW 114 Avenue,Miami,33176-4511,Florida,United States,2,James ,SW 114 Avenue,Miami,33176-4511,Florida,United States,2,12705 SW 114 Avenue,Miami,33176-4511,Florida,United States,2,PayPal (including Credit Cards and Debit Cards),12/23/2014 9:26,12/22/2014 21:49,3,16.5
770,588,Paul ,Nederburg Road,Johannesburg,2055,Gauteng,South Africa,1,Paul ,Nederburg Road,Waterkloof,1081,Gauteng,South Africa,1,28 Nederburg Road,Johannesburg,2055,Gauteng,South Africa,1,PayPal (including Credit Cards and Debit Cards),1/3/2015 17:57,1/1/2015 10:34,3,44.5
772,589,Meaghan ,Lucille St.,Pittsburgh,15218,Pennsylvania,United States,2,Meaghan ,Lucille St.,Pittsburgh,15203,Pennsylvania,United States,2,332 Lucille St.,Pittsburgh,15218,Pennsylvania,United States,2,PayPal (including Credit Cards and Debit Cards),1/7/2015 7:29,1/5/2015 11:35,3,16.5
774,592,Barbara ,South Lookout,Little Rock,72205,Arkansas,United States,2,Barbara ,South Lookout,Little Rock,72205,Arkansas,United States,2,3926 South Lookout,Little Rock,72205,Arkansas,United States,2,PayPal (including Credit Cards and Debit Cards),1/30/2015 7:12,1/17/2015 17:02,8,16.5
778,593,Taylor ,Ryan Street,Lilyfield,2040,New South Wales,Australia,1,Taylor ,Ryan Street,Lilyfield,2040,New South Wales,Australia,1,53 Ryan Street,Lilyfield,2040,New South Wales,Australia,1,PayPal (including Credit Cards and Debit Cards),1/24/2015 7:43,1/17/2015 17:35,3,44.5
782,595,kyle ,emerson pt,new rochelle,10801,New York,United States,2,kyle ,emerson pt,new rochelle,10801,New York,United States,2,8 emerson pt,new rochelle,10801,New York,United States,2,PayPal (including Credit Cards and Debit Cards),4/14/2015 8:26,1/22/2015 11:05,8,16.5
785,596,Anzhelika ,Whitney Rd.,Strongsville,44136,Ohio,United States,2,Anzhelika ,Whitney Rd.,Strongsville,44136,Ohio,United States,2,"17833 Whitney Rd., Apt.423",Strongsville,44136,Ohio,United States,2,PayPal (including Credit Cards and Debit Cards),2/3/2015 5:34,1/22/2015 18:47,3,16.5
787,598,salvatore ,mercury circle,south amboy,8879,New Jersey,United States,2,salvatore ,mercury circle,south amboy,8879,New Jersey,United States,2,59 mercury circle,south amboy,8879,New Jersey,United States,2,PayPal (including Credit Cards and Debit Cards),2/1/2015 3:46,1/31/2015 12:03,3,16.5
790,600,Alana ,Asma Blvd.,Lafayette,70508,Louisiana,United States,2,Alana ,Asma Blvd.,Lafayette,70508,Louisiana,United States,2,102 Asma Blvd. Suite 112,Lafayette,70508,Louisiana,United States,2,PayPal (including Credit Cards and Debit Cards),2/23/2015 15:42,2/2/2015 22:08,8,16.5
794,602,Ben ,West 102nd Street,Los Angeles,90045,California,United States,2,Ben ,West 102nd Street,Los Angeles,90045,California,United States,2,5330 West 102nd Street,Los Angeles,90045,California,United States,2,PayPal (including Credit Cards and Debit Cards),2/8/2015 11:13,2/4/2015 19:37,3,16.5
793,601,Michael ,Mayhew Dr.,South Orange,7079,New Jersey,United States,2,Michael ,Mayhew Dr.,South Orange,7079,New Jersey,United States,2,154 Mayhew Dr.,South Orange,7079,New Jersey,United States,2,PayPal (including Credit Cards and Debit Cards),2/8/2015 11:14,2/3/2015 18:35,3,16.5
795,603,Rebecca ,Sandpiper Drive,Vonore,37885,Tennessee,United States,2,Rebecca ,Sandpiper Drive,Vonore,37885,Tennessee,United States,2,600 Sandpiper Drive,Vonore,37885,Tennessee,United States,2,PayPal (including Credit Cards and Debit Cards),2/8/2015 11:11,2/5/2015 6:31,3,16.5
797,604,Gregory ,Silver Hill Road,Sudbury,1776,Massachusetts,United States,2,Gregory ,Silver Hill Road,Sudbury,1776,Massachusetts,United States,2,56 Silver Hill Road,Sudbury,1776,Massachusetts,United States,2,PayPal (including Credit Cards and Debit Cards),2/7/2015 7:10,2/5/2015 16:37,3,16.5
798,605,Minhae ,"637-22bunji, Deungchon 1-dong, Gangseo-gu",Seoul,157-839,Seoul,"Korea, Republic of",1,Minhae ,"637-22bunji, Deungchon 1-dong, Gangseo-gu",Seoul,157-839,Seoul,"Korea, Republic of",1,"Darim apartment 1005, 637-22bunji, Deungchon 1-dong, Gangseo-gu",Seoul,157-839,Seoul,"Korea, Republic of",1,PayPal (including Credit Cards and Debit Cards),2/8/2015 11:10,2/6/2015 0:27,3,44.5
799,606,Bill ,College Street,Milan,38358,Tennessee,United States,2,Bill ,College Street,Milan,38358,Tennessee,United States,2,1026 College Street,Milan,38358,Tennessee,United States,2,PayPal (including Credit Cards and Debit Cards),2/8/2015 5:08,2/6/2015 12:06,3,16.5
802,608,Suzette ,Sw 68 st,Miami,33143,Florida,United States,2,Suzette ,Sw 68 st,Miami,33143,Florida,United States,2,8495 Sw 68 st,Miami,33143,Florida,United States,2,PayPal (including Credit Cards and Debit Cards),2/16/2015 6:26,2/14/2015 10:05,3,16.5
803,609,Colleen ,Blodget Street,Manchester,3104,New Hampshire,United States,2,Colleen ,Blodget Street,Manchester,3104,New Hampshire,United States,2,600 Blodget Street,Manchester,3104,New Hampshire,United States,2,PayPal (including Credit Cards and Debit Cards),2/18/2015 7:37,2/17/2015 14:41,5,16.5
804,610,Adrienne ,Rock Crystal Drive,Clifton,20124,Virginia,United States,2,Adrienne ,Rock Crystal Drive,Clifton,20124,Virginia,United States,2,6600 Rock Crystal Drive,Clifton,20124,Virginia,United States,2,PayPal (including Credit Cards and Debit Cards),2/27/2015 5:00,2/19/2015 4:37,3,16.5
809,613,Ethan ,White Oak Pass,conroe,77385,Texas,United States,2,Ethan ,White Oak Pass,conroe,77385,Texas,United States,2,11959 White Oak Pass,conroe,77385,Texas,United States,2,PayPal (including Credit Cards and Debit Cards),5/8/2015 7:13,2/27/2015 20:49,3,16.5
812,615,Richard ,JENNIFER,Richardson,75082,Texas,United States,2,Richard ,JENNIFER,Richardson,75082,Texas,United States,2,1414 JENNIFER,Richardson,75082,Texas,United States,2,PayPal (including Credit Cards and Debit Cards),5/16/2015 6:38,3/4/2015 5:32,8,16.5
813,616,Martin ,Hanover Parkway,Greenbelt,20770,Maryland,United States,2,Martin ,Hanover Parkway,Greenbelt,20770,Maryland,United States,2,7327-D Hanover Parkway,Greenbelt,20770,Maryland,United States,2,PayPal (including Credit Cards and Debit Cards),3/9/2015 16:49,3/4/2015 11:03,3,16.5
814,620,Carol ,Forest Avenue,Hammond,46324,Indiana,United States,2,Carol ,Forest Avenue,Hammond,46324,Indiana,United States,2,7331 Forest Avenue,Hammond,46324,Indiana,United States,2,PayPal (including Credit Cards and Debit Cards),3/14/2015 6:24,3/11/2015 6:27,3,16.5
848,650,mike ,w belmont ave,chicago,60618,Illinois,United States,2,mike ,w belmont ave,chicago,60618,Illinois,United States,2,2720 w belmont ave,chicago,60618,Illinois,United States,2,PayPal (including Credit Cards and Debit Cards),5/15/2015 16:17,5/14/2015 8:18,3,16.5
816,604,Gregory ,Silver Hill Road,Sudbury,1776,Massachusetts,United States,2,Gregory ,Silver Hill Road,Sudbury,1776,Massachusetts,United States,2,56 Silver Hill Road,Sudbury,1776,Massachusetts,United States,2,PayPal (including Credit Cards and Debit Cards),3/17/2015 15:55,3/15/2015 19:36,3,16.5
817,309,greg ,swInez St,Portland,97224,Oregon,United States,2,greg ,swInez St,Portland,97224,Oregon,United States,2,9330 swInez St,Portland,97224,Oregon,United States,2,PayPal (including Credit Cards and Debit Cards),3/28/2015 11:03,3/22/2015 20:12,3,16.5
818,624,Rebecca ,Sadler Way,Tampa,33626,Florida,United States,2,Rebecca ,Sadler Way,Tampa,33626,Florida,United States,2,10114 Sadler Way,Tampa,33626,Florida,United States,2,PayPal (including Credit Cards and Debit Cards),3/23/2015 12:24,3/23/2015 12:22,2,16.5
819,625,George ,clinton street,Brooklyn,11201,New York,United States,2,George ,clinton street,Brooklyn,11201,New York,United States,2,226 clinton street,Brooklyn,11201,New York,United States,2,PayPal (including Credit Cards and Debit Cards),3/28/2015 7:20,3/24/2015 21:51,3,16.5
823,626,Cindy ,Stanley Ave,cincinnati,45226,Ohio,United States,2,Cindy ,Stanley Ave,cincinnati,45226,Ohio,United States,2,409 Stanley Ave,cincinnati,45226,Ohio,United States,2,PayPal (including Credit Cards and Debit Cards),5/2/2015 2:58,3/26/2015 8:43,3,16.5
826,630,Gyllian ,Japonica Road,Epping,2121,NSW,Australia,1,Gyllian ,Japonica Road,Epping,2121,NSW,Australia,1,9 Japonica Road,Epping,2121,NSW,Australia,1,PayPal (including Credit Cards and Debit Cards),3/28/2015 11:02,3/27/2015 17:12,3,44.5
827,631,Jose ,Valentine Avenue,Bronx,10458,New York,United States,2,Jose ,Valentine Avenue,Bronx,10458,New York,United States,2,"2396 Valentine Avenue, Apt.1",Bronx,10458,New York,United States,2,PayPal (including Credit Cards and Debit Cards),3/31/2015 9:23,3/31/2015 9:22,2,16.5
830,637,Kathryn ,Nameless Road,Leander,78641,Texas,United States,2,Kathryn ,Nameless Road,Leander,78641,Texas,United States,2,22974 Nameless Road,Leander,78641,Texas,United States,2,PayPal (including Credit Cards and Debit Cards),4/25/2015 8:23,4/22/2015 11:54,3,16.5
832,638,susan ,united nations plaza,new york,10017,New York,United States,2,susan ,united nations plaza,new york,10017,New York,United States,2,860 united nations plaza,new york,10017,New York,United States,2,PayPal (including Credit Cards and Debit Cards),4/25/2015 12:34,4/24/2015 14:42,3,16.5
841,646,Edwin ,Tuscadero Cres.,Mississauga,L4Z3C1,Ontario,Canada,1,Edwin ,Tuscadero Cres.,Mississauga,L4Z3C1,Ontario,Canada,1,370 Panhellenic Drive,Mississauga,L5W 0B9,Ontario,Canada,1,PayPal (including Credit Cards and Debit Cards),5/12/2015 7:23,5/7/2015 16:35,3,44.5
835,641,Gretchen ,hope estate drive,Baton Rouge,70820,Louisiana,United States,2,Gretchen ,hope estate drive,Baton Rouge,70820,Louisiana,United States,2,6144 hope estate drive,Baton Rouge,70820,Louisiana,United States,2,PayPal (including Credit Cards and Debit Cards),5/7/2015 11:51,5/4/2015 17:44,3,16.5
837,642,Karin ,Augusta Dr. #28,Houston,77057,Texas,United States,2,Karin ,Augusta Dr. #28,Houston,77057,Texas,United States,2,1902 Augusta Dr. #28,Houston,77057,Texas,United States,2,PayPal (including Credit Cards and Debit Cards),5/7/2015 11:49,5/5/2015 18:28,3,16.5
842,625,George ,clinton street,Brooklyn,11201,New York,United States,2,George ,clinton street,Brooklyn,11201,New York,United States,2,226 clinton street,Brooklyn,11201,New York,United States,2,PayPal (including Credit Cards and Debit Cards),5/8/2015 7:38,5/8/2015 4:59,10,16.5
843,647,Kathryn ,Oak St.,Wheat Ridge,80033,Colorado,United States,2,Kathryn ,Oak St.,Wheat Ridge,80033,Colorado,United States,2,3390 Oak St.,Wheat Ridge,80033,Colorado,United States,2,PayPal (including Credit Cards and Debit Cards),5/12/2015 7:21,5/8/2015 18:49,3,16.5
846,649,Rita ,Lawrence Crscent,Oakville,L6J 2E5,Ontario,Canada,1,Rita ,Lawrence Crscent,Brantford,N3T 6R4,Ontario,Canada,1,1225 Lawrence Crscent,Oakville,L6J 2E5,Ontario,Canada,1,PayPal (including Credit Cards and Debit Cards),5/12/2015 7:20,5/9/2015 9:13,3,44.5
856,651,Caleb ,woodvale circle,Lincolnton,50112,North Carolina,United States,2,Caleb ,woodvale circle,grinnell,50112,Iowa,United States,2,515 10th avenue,grinnell,50112,Iowa,United States,2,PayPal (including Credit Cards and Debit Cards),5/15/2015 17:56,5/15/2015 17:52,3,16.5
857,652,Deborah ,NE 66th Lane,Kirkland,98033,Washington,United States,2,Deborah ,NE 66th Lane,Reidsville,27320,North Carolina,United States,2,10105 NE 66th Lane,Kirkland,98033,Washington,United States,2,PayPal (including Credit Cards and Debit Cards),NULL,5/20/2015 22:28,4,16.5
858,654,Norman ,Eagle View Drive,Charleston,29414,South Carolina,United States,2,Norman ,Eagle View Drive,Charleston,29414,South Carolina,United States,2,911 Eagle View Drive,Charleston,29414,South Carolina,United States,2,PayPal (including Credit Cards and Debit Cards),5/25/2015 14:22,5/25/2015 14:17,2,16.5
862,655,David ,"Monash Avenue, Nedlands",Perth,6009,West Australia,Australia,1,David ,"Monash Avenue, Nedlands",Perth,6009,West Australia,Australia,1,"Suite 27/95 Monash Avenue, Nedlands",Perth,6009,West Australia,Australia,1,PayPal (including Credit Cards and Debit Cards),5/28/2015 22:16,5/28/2015 22:12,2,44.5
860,411,christian ,rue du general leclerc,argentre du plessis,35370,bretagne,France,1,christian ,rue du general leclerc,argentre du plessis,35370,bretagne,France,1,15 rue du general leclerc,argentre du plessis,35370,bretagne,France,1,PayPal (including Credit Cards and Debit Cards),5/28/2015 18:43,5/27/2015 14:22,3,44.5
